Orta mekdep	428
Manisa tehniki yörite orta hünärmenlik mekdebi	89
Bilim Ministrligi Ankara s. Gayybana yörite orta hünärmenlik mekdebi	79
Orta Gündogar Tehniki Uniwersiteti	61
Anadolu Uniwersiteti, Senagat yörite orta hünärmenlik mekdebi	46
Yildiz Tehniki Uniwersiteti	46
Istanbul Tehniki uniwersiteti	38
Kocaeli Uniwersiteti	27
Marmara Uniwersiteti	26
Stambul Tehnik Uniwersiteti	26
Gazi Uniwersiteti Polatly sosiologiya hünärmentlik yokary okuw jayy, Anadolu hünärmentlik mekdebi	23
Gaziantep Uniwersiteti	22
Kojaeli Uniwersiteti	20
Garadeniz Tehniki Uniwersiteti	19
Erciyes Uniwersiteti	18
Firat Uniwersiteti	16
Uludag Uniwersiteti	16
Sakarya Uniwersiteti	15
Sakarya Uniwersiteti	14
Anadolu Uniwersiteti	14
Yildiz Teknik Uniwersiteti	13
Selçuk uniwersiteti	13
Atatürk Uniwersiteti	13
Dokuzynjy Sentyabr Uniwersiteti	13
Milli Bilim Ministrligi Ömür Boyy Öwrenis Bas Müdürligine degisli hünärmen kursy	13
Mustafa Kemal uniwersiteti	12
Çukurowa Uniwersiteti / Adana yokary hünär mekdebi	12
Orta Dogu Tehniki Uniwersiteti	12
Gazi uniwersiteti,Kirikkale uniwersiteti/Kirikkale yörite orta hünärmenlik mekdebi	11
Swessariyanyn BRUGG kabel isleri akademiyasy kursy	10
Istanbul Tehnik Uniwersiteti	10
Istanbul Teknik Uniwersiteti	9
Baskent Uniwersiteti	9
Bogaziçi uniwersiteti	9
Eskisehir Osmangazi Uniwersiteti	9
Gazi Uniwersiteti	9
Dokuz Eylül uniwersiteti	8
Trakya Uniwersiteti	8
Education Institution Of Janet Levering	8
Stambul Uniwersiteti	8
Çukurowa Uniwersiteti	8
Californiya Uniwersiteti	8
Milli Bilim Ministrligi / ussalyk sahadatnamasy	8
Istanbul Uniwersiteti	8
Akdeniz Uniwersiteti, Anadolu Uniwersiteti	7
Kirikkale Uniwersiteti/Kirikkale yörite orta hünärmenlik mekdebi	7
Halkara Belgetürk ygtyyarlandyrma kurslary	7
Ege Uniwersiteti	7
Istanbul we Yeditepe Uniwersiteti	7
Ömürboyy Öwrenis Bas Müdürligi,Gayybana yörite orta hünärmenlik mekdebi	7
Istanbul Uniwersiteti, Garadeniz Tehnik Uniwersiteti	7
Süleyman Demirel Uniwersiteti	6
Dumlupynar Uniwersiteti/Simaw yörite orta hünärmenlik mekdebi	6
Afyon Kocatepe Uniwersiteti	6
Yyldyz Uniwersiteti	6
Pamukkale Uniwersiteti	6
Yyldyz Tehniki Uniwersiteti	6
Bartin Uniwersiteti	6
Hajettepe Uniwersiteti	6
Mersin uniwersiteti, Balikesir köp maksatnamaly hünärmen tayyarlama yörite orta hünärmen mekdebi	6
Ankara uniwersiteti	6
Balykesir Uniwersiteti	6
Hemiselik Bas bilim müdirliginin açyk okuw müdirligi,Hailo Wind Systems Sahadatnama-HWS0702220252	5
Milli Bilim Ministrligi metal tehnologiya kursy	5
N.E Bauman adyndaky Moskwa döwlet tehniki uniwersiteti	5
Istanbul Tehnik Uniwersiteti	5
Hacettepe Uniwersiteti, Anadolu Uniwersiteti	5
Yakyn Gündogar Uniwersiteti	5
Cumhuriyet yörite orta hünärmenlik mekdebi	5
Çankaya Uniwersiteti	4
CCVD-VCA okuw kursy	4
Milano Politehniki instituty	4
Zonguldak Bülent Ecevit uniwersiteti	4
Düzje Uniwersiteti	4
Mebel gurnayjynyn sertifikaty	4
AEQT/EST kurslary	4
Changwon-Nam yörite orta hünärmen mekdebi, Hyosung Goodspings degisli hünärmen kursy	4
Ondokuzmayis uniwersiteti	4
Ankara Uniwersiteti, Sakarya Uniwersiteti	4
Imamoglu yörite orta hünärmen mekdebi, Hayat Boyu Ögrenme Genel  Müdürligine degisli hünärmen kursy	4
Milli Bilim Ministrligi Gayybana yörite orta hünärmenlik mekdebi	4
Hayat Boyu Ögrenme Genel  Müdürligine degisli Mersin s.hünärmen kursy	4
Istanbul Teknik Uniwersiteti	4
Karabük Üniwersiteti	4
Metalock Engineereing UK okuw kursy	4
Karadeniz Tehnik Uniwersiteti	4
Lilya akademiyasy	4
Manisa Celal Bayar Uniwersiteti	4
Gebze Senagat yörite orta hünärmenlik mekdebi	4
Kütahya Dumlupinar uniwesiteti	4
Iskenderun Tehnik Uniwersiteti	4
Mavi Belge Halkara Sertifikasiya we gözegçilik	4
Balikesir Uniwersiteti	4
...	4
Kirklareli uniwersiteti	4
Gündogar mediterian uniwersiteti	4
Harran Uniwersiteti	3
Istanbul s. orta mekdep	3
Fatih Uniwersiteti	3
Istanbul Medeniyet Uniwersiteti	3
Jumhuriyet Uniwersiteti	3
Bilkent Uniwersiteti	3
Selçuk Uniwersiteti Hadim yörite orta hünärmenlik mekdebi	3
Dogu Akdeniz Uniwersiteti	3
Izmir s.orta mekdep,	3
Bülent Ecevit uniwersiteti	3
Ussalyk Sahadatnamasy	3
Kiremithane senagat hünärmen yörite orta mekdebi	3
Atilim Uniwersiteti	3
Sütçü Imam yörite orta hünärmenlik mekdebi	3
Singapuryn Milli Uniwersiteti	3
TMMOB mehanika inzener kurslary	3
Atatürk Anadolu yörite orta hünärmenlik mekdebi	3
Pukyong milli Uniwersiteti	3
Liege uniwersiteti	3
Jelal Bayar Uniwersiteti	3
Istanbul Bilgi uniwersiteti	3
Dumlupynar Uniwersiteti	3
Kirikkale senagat yörite orta hünärmenlik mekdebi	3
Iskenderun Hünärmen bilim merkezi	3
Ankara liseyi	3
Mumbai uniwersiteti	3
Pune uniwersiteti	3
Istanbul Tehnik Uniwersiteti	3
Hayat Boyu Ögrenme Genel  Müdürligine degisli Ankara s.hünärmen kursy	3
Afyon Kojatepe Uniwersiteti	3
Süleyman Demirel Anadolu yörite orta hünärmenlik mekdebi	3
Bogaziçi uniwersiteti	3
Karadeniz teknik uniwersiteti	3
Milli Bilim Ministrligi metal tehnologiyasy kursy	3
Mugla Uniwersiteti	3
Hacettepe Uniwersiteti	3
Sisli senagat yörite orta hünärmenlik mekdebi	3
Madurai Kamaraj Uniwersiteti	3
Nigde Uniwersiteti	3
Namyk Kemal uniwersiteti	3
Istanbul Aydin Uniwersiteti	3
Kazan Döwlet  Energetika Uniwersiteti.	3
Bolgariyanyn tehniki uniwersiteti "Warna"	3
Hytayyn is dolandyrys okuw merkezi(Milli logistikany dolandyrys okuwy)	2
Gazi uniwersiteti, Çorum yörite orta hünärmenlik mekdebi	2
Zagreb Uniwersiteti	2
Ceyhan Senagat Hünärmen lisey	2
Süleyman Demirel uniwersiteti	2
Bingöl uniwersiteti	2
Nigde Cumhuriyet yörite orta hünärmenlik mekdebi	2
Gölcük senagat yörite orta hünarmenlik mekdebi	2
Erjiyes Üniwersiteti	2
Orta mekdep, is tejribeli	2
Gölcuk Senagat yörite orta hünärmenlik mekdebi	2
Tarsus Senagat Hünärmen liseyi	2
Düzce Uniwersiteti	2
Kataloniyanyn Politehniki uniwersiteti	2
GE Energiya Hyzmatlary	2
Cevat Koçak yörite orta hünärmenlik mekdebi	2
Istanbul Uniwersiteti,tehniki ylymlar hünär mekdebi	2
Koreyanyn Halkara Uniwersiteti	2
Zonguldak Kilimli yörite orta hünärmenlik mekdebi	2
Hebei Tehnologiya uniwersiteti	2
Atylym Uniwersiteti	2
Derby Lonsdale Kolleji	2
Kebsirleyji operatorynyn hünär sertifikatlary	2
Hasandede Orhan Demirhan köp maksatnamaly yörite orta hünärmenlik mekdebi	2
Yildiz tehnika uniwersiteti	2
Istanbul Bilim Uniwersiteti	2
Cumhuriet yörite orta hünärmenlik mekdebi, ussalyk sahadatnamasy	2
Gruziya Tehnologiya Uniwersitety	2
City and Guilds instituty	2
I. M. Gubkin adyndaky nebit we gaz Russiya Döwlet Uniwersiteti	2
Jeyhan Senagat Hünärmen liseyi	2
Süytçi Ymam uniwersiteti	2
Fransiya,Tuluza amaly ylymlar  Milli Instituty	2
Baku Döwlet Uniwersiteti	2
Tehniki yörite orta hünärmenlik mekdebi	2
Payas Tehniki we senagat hünärmen mekdebi,Osmaniye yörite orta hünärmenlik mekdebi	2
Ispaniyanyn Pere Martell adyndaky Instituty,AEQT-AEST okuw kursy	2
Abant Izzet Baysal Uniwersiteti	2
Rize Senagat Hünärmen liseyi	2
Sardar Patel Uniwersiteti	2
Uludag uniwersiteti	2
Anadolu tehniki yörite orta hünärmenlik mekdebi	2
Dogus uniwersiteti	2
Scheuerle kursy	2
Zonguldak Karaelmas Uniwersiteti	2
Bahçesehir Uniwersiteti, Istanbul Uniwersiteti	2
Kakatiya uniwersiteti	2
Akdeniz Uniwersiteti, Tehniki ylymlaryn hünärmenlik okuwy	2
TUR., Ordu s., orta mekdep	2
Kazan döwlet binagärçilik we gurlusyk uniwersiteti	2
Kahramanmaras Sütçü Imam Uniwersiteti	2
Pendik Hünärmen Bilim Merkezi	2
Angliyanyn we Welsyn hukukçylar jemgyyeti	2
Varna Tehniki Uniwersiteti	2
Hayat Boyu Ögrenme Genel  Müdürligine degisli hünärmen kursy/Kebsirleyji kwalifikasiya belgisi	2
Kompen Tehnologiki uniwersiteti	2
Gazak-Amerikan uniwersiteti	2
GDANSK Tehnologiya Uniwersiteti	2
Izmir s.orta mekdep,Izmir Menemen Erdinç -Ahmet Cengiz  hünärmentlik merkezi	2
Izmit senagatyörite orta hünärmenlik mekdebi	2
Ihsan Dogramajy Bilkent Uniwersiteti	2
Rejep Tayyp Erdogan Uniwersiteti, Tehniki ylymlar yörite orta hünärmenlik mekdebi	2
Kahramanmaras Senagat Hünärmen liseyi	2
Elbistan Hünärmen liseyi	2
Besançon Uniwersiteti	2
Chennai Anna uniwersiteti	2
Girne Amerikan Uniwersiteti	2
Trakya Uniwersiteti	2
Gujarat Uniwersiteti	2
Gazak milli tehniki uniwersiteti	2
Osmaniye hünärmenlik we Tehniki Anadolu yörite ortamekdebi	2
Yeditepe uniwersiteti	2
Yeditepe Uniwersiteti	2
Stambul s.orta mekdep, Stambul-Kadyköy Kadyköy Halk Bilim Merkezi we Agsam okuwy	2
Kebsirleyji hünäri boyunça halkara  instituty	2
Lenin ordeninin Kiyew politehniki instituty	2
Milli Bilim Ministrligi, Grid Alstars kursy	2
Zonguldak s. ömürboyy öwrenis bas müdirligi, hünärmentlik açyk bilim yörite orta mekdebi	2
Afyon Kocatepe uniwersiteti/Afyon yörite orta hünärmenlik mekdebi	2
Rijeka uniwersiteti	2
Istanbul Aydin Uniwersiteti/Anadolu yörite orta hünärmentlik mekdebi	2
Istinye yörite orta hünärmen mekdebi	2
Ömürboyy Öwrenis Bas Müdürligi, Sahinbey yörite orta hünärmen mekdebi	2
Cumhuriyet yörite hünärmenlik orta mekdebi.,Yahsihan hünärmentlik okuw merkezi ussalyk sahadatnamasy	2
Namik Kemal Uniwersiteti/Tehniki taydan ylymlaryn hünär mekdebi	2
Selçuk Uniwersiteti, Inzenerçilik we binagärçilik fakulteti	2
Dutlupinar s.orta mekdebi	2
Odessanyn Politehniki Instituty	2
TOBB Ykdysadyyet we Tehnologiya Uniwersiteti	2
Tehniki Bilimler Genesi, Rajasthan	2
Kütahya senagat yörite orta hünärmen mekdebi	2
Çukurowa Uniwersiteti/Osmaniye hünärmenlik yörite orta mekdebi	2
Gayybana hünär mekdebi, Ankara	2
Azerbayjan tehniki uniwersiteti	2
Ege uniwersiteti,Ege Hünärmen liseyi	2
Osmaniye Cumhuriyet yörite orta hünärmenlik mekdebi	2
Jawaharlal Nehru adyndaky Haydarabad tehnologiki uniwersiteti	2
Sheffield Hallam uniwersiteti	2
Kirklareli senagat yörite orta hünärmen mekdebi	2
Nowara Yokary okuw jayy	2
Yozgat hünärmen liseyi	2
Galatasaray uniwersiteti	2
Yyldyrym Beyazit senagat hünärmen liseyi	2
Malatya s.orta mekdebi	2
London instituty	2
Dumlupynar uniwersiteti/Kütahya yörite orta hünärmenlik mekdebi	2
Milli bilim ministirligi,ussalyk sahadatnamasy.,kebsirleme operatorlyga yeterli sertifikaty	2
Inönü Uniwersiteti	2
Zonguldak senagat yörite orta hünärmen mekdebi	2
ANKARA Uniwesiteti, ÇANKIRI hünärment mekdebi	2
Çennai Anna uniwersiteti	2
Gaziosmanpasa Uniwersiteti/Turhal yörite orta hünärmenlik mekdebi	2
Badji Mokhtar-Annaba Uniwersiteti	2
Haydarpasa Senagat yörite hünärmen mekdebi,  Kartal hünärmenlik okuw merkezi	2
Igde köp ugurly liseyi	2
Hayat Boyu Ögrenme Genel Müdürligi	2
Döwlet Ähliumumy inzeneriya instituty	2
Orta mekdep,Stambul s.	2
Istanbul s. orta mekdep	2
Hayat Boyu Ögrenme Genel  Müdürligine degisli Istanbul s.hünärmen kursy	2
Osmaniye s.orta mekdep., Uniwersal sertifikatlandyrys hünär kwalifikasiya hyzmatlaryn guramasy	2
Kair Uniwersiteti	2
Ceyhan yörite orta hünärmenlik mekdebi	2
Ysyk uniwersiteti	2
Ankara/Yenimahalle/(123323)Ostim hünärmenlik okuw,Sehit Ümit Tekinaslan yörite orta hünärmen mekdebi	2
Orta mekdep Kayseri s.,Hususy Çetinler is enjamlary okuw merkezi	2
Yasar Dedeman yörite orta hünärmenlik mekdebi	2
Cumhuriyet Uniwersiteti/Susehri Timur Karabal hünärmenlik yörite orta mekdebi	2
Keio Uniwersiteti	2
Feati uniwersiteti	2
Recep Tayyip Erdogan uniwersiteti,Barbaros senagat yörite orta hünärmenlik mekdebi	1
Andyryn köp meyilnamaly hünärmentlik mekdebi	1
Sanyan Himiya Uniwersiteti	1
Gebze Yokary Tehnologiya Instituty	1
Aston uniwersiteti	1
DOGUS Uniwersiteti.	1
"S.YESENOWA adyndaky Kaspi tehnologiya we inzenerçilik Uniwersiteti"	1
Hünär akkreditasiyasynyn sahadatnama SAU	1
Tehas A&M uniwersiteti	1
Üsküdar s.,orta mekdep	1
Atatürk senagat yörite orta hünärmen mekdebi	1
Ege Üniwersiteti/ Ege hünärment mekdebi	1
Hasandede Orhan Demirhan yörite orta hünärmenlik mekdebi	1
Badirma tehniki yörite orta hünärmenlik we senagat mekdebi	1
Atalar we tehniki Anadolu yörite orta hünärmenlik mekdebi	1
Atatürk Uniwersiteti, Zonguldak Karaelmas Uniwersiteti, IOSH kurs merkezi	1
Gültepe senagat yörite orta hünärmen mekdebi	1
Tarsus hünär okuwy merkezi	1
Changzhou uniwersiteti	1
Yasar Dedeman yörite orta hünärmenlik mekdebi	1
Midyat yörite orta hünärmenlik mekdebi	1
Karmanoglu Mehmetbey Uniwersiteti	1
Sanhay Tehnoligiya uniwersiteti	1
Midyat yörite orta hünärmenlik mekdebi	1
Hytayyn Geologiki ylymlar uniwersiteti	1
Babasaheb Ambedkar ad.tehnologiki uniwersiteti	1
Deniz Akademiyasy-Harby-Deniz Güyçlerinin Serkerdeligi	1
Kütahya Kiliçarslan yörite orta hünärmenlik mekdebi	1
CD Madero adyndaky tehnologiki instituty	1
Doruk liseyi	1
Istanbul Rumeli Uniwersiteti,Çanakkale Onsekiz Uniwersiteti	1
M. W. Lomonosow adyndaky Moskwa Döwlet Uniwersiteti	1
Hamburg uniwersiteti	1
Kirkagaç senagat hünärmenlik yörite orta mekdebi	1
Ordu uniwersiteti	1
Inzener tehnologiyalary Luna instituty	1
Alma-Ata inzenerçilik instituty	1
Seljuk Uniwersitetinin Konya Eregli Akman Hünärmenlik Kolleji	1
San Karlos uniwersiteti	1
Körfez s., orta mekdep., BII programma üpjünçiligi we sertifikatlandyrys Anonim paydarlar jemgyyeti	1
Sofiya Tehniki uniwersiteti	1
Vercelli Yokary okuw jayy	1
Don Honorio Wentura sungat we söwda kollezi	1
TUR.,  s.Mamak orta mekdep	1
Gümüshane uniwersiteti	1
Afsin Senagat hünärment okuwy	1
Gaziantep hünärmen liseyi	1
Nettur Tehniki okuw merkezi	1
Ümraniye/Istanbul s. Hususy awtoulag gurlusyk tehnikalary kursy	1
Bolu Senagat yörite orta hünärmenlik mekdebi	1
Istanbul Tehnik Uniwersiteti,Mehanika fakulteti, umumy mehanika bölümi	1
Taskendin Biruny adyndaky politehniki instituty	1
Balykesir merkez senagat hünärmenlik mekdebi	1
Elbistan Cumhuriyet yörite orta hünärmenlik mekdebi	1
Yakin Dogu uniwersiteti	1
Moskwanyn Oktyabr Rewolyusiya ordenli we Zähmet Gyzyl Baydakly Polat we Erginler instituty	1
Nanyang tehnologiki uniwersiteti	1
Breno orta mekdep	1
1.Keçiören Rauf Denktas liseyi,2.Bilge Adam okuw kursy	1
GBR, Dundee s.orta mekdep	1
KGKP "Lisakow tehniki kollezi"	1
Swessariyanyn hünärmen tayyarlama okuw merkezi	1
Kolorado uniwersiteti	1
Quaid-e-Awam adyndaky inzeneriya,ylym we tehnologiya uniwersiteti	1
Warwik uniwersiteti	1
Almata s.energetika we aragatnasyk instituty	1
Istanbul Medenyiet uniwersiteti,Anadolu unwersiteti	1
Kahramanmaras Sütçü Imam Uniwersiteti-Göksun yörite orta hünärmenlik mekdebi	1
Sakarya hünärmen kursy	1
York Uniwersiteti	1
Beyik Britaniyanyn Menejerçilik Institutynyn Kanterbury kolledzi	1
Yalova Aksa Senagat hünär okuwy	1
Milli Bilim Ministrligi, Jeyhun hünär okuw merkezi	1
Anadolu Hünärmen we Tehnik liseyi	1
Oba hojalyk ylymlarynyn we weterinar lukmançylygynyn Banata uniwersiteti	1
Kirikhan tehniki yörite orta hünärmenlik mekdebi	1
Tüv Awstriya kurslary	1
Mannheim uniwersiteti	1
orta,General Elektrik, Hyuston owrenis merkezi	1
Anadolu uniwersiteti/Gayybana okuw fakulteti	1
Alfenas orta mekdep	1
Della Kalabriya Uniwersiteti Italiya, Kozensa	1
"Georgian Southern" uniwersiteti,GE Vernova içerki tehniki okuw	1
Buhara Döwlet Uniwersiteti	1
Milli Bilim Ministrligine degisli Istanbul-Kartal ili, Medine Zayfur Sökmen liseyi	1
Rize Hünärmen Bilim Merkezi,Ussalyk  sahadatnamasy	1
General elektrik Energiya Hyzmatlary kursy	1
Ankara säherinin Baglar kurs merkezi, Elektrik -montaz sertifikaty	1
Universidad del Pais Vasco uniwersiteti	1
Ceyhan Senagat Hünärmen liseyi/Kwalifikasiyaly Kebsirleyji operator sahadatnamalary	1
Kartal hünärmenlik okuw merkezi,Ayancik Anadolu yörite orta hünärmen mekdebi	1
Milli Senagat bilim kursy	1
Merkezi Yaylym we Telewideniye Uniwersiteti	1
Sungurlu hünärmenlik we Tehniki Anadoly yörite orta mekdebi	1
Karadeniz tehniki uniwersiteti	1
Anadolu uniwersiteti/Ege uniwersitet-Ege yörite orta hünärmenlik mekdebi	1
Newsehir säherindäki Urgüp mekdebi	1
Milli bilim,yokary we ylmy-barlag ministrligi/Ruan akademiyasy	1
Anhui hünär-tehnik instituty	1
Samsun häkimligi,Ussalyk sahadatnamasy	1
Ankara s. Nallyhan Senagat Hünärmentlik Liseyi	1
Turin politehniki instituty	1
1.Soma Linyit liseyi,2.MBM-Manisa-Soma Halk Bilim merkezi,3.Tehniki Senagat hünär okuwy	1
Istanbul Arel Uniwersiteti,Hsilo wind systems sahadatnama N:p1L-3TA6NF7SRV	1
Monterrey tehnologiya instituty	1
Gediz uniwersiteti	1
Samsun 19 mayis yörite orta hünärmenlik mekdebi	1
Halkara sertifikaty	1
Tehniki yörite orta hünär mekdebi	1
Dekra hünärmen kurslary	1
Royal Tehnologiya instituty	1
Döger yörite orta hünärmenlik mekdebi	1
Demirgazyk günbatar Politehniki uniwersiteti	1
Oued Gueriananyn okuw we tayyarlyk merkezi	1
SAKARYA Döwlet Inzener we Binagärçilik Akademiyasy	1
Kanuni hünärmenlik we tehniki Anadolu yörite orta hünärmenlik mekdebi	1
Stambul Sisli Hünärmentlik Yokary okuw jayy	1
Kirikkale Cumhuriyet yörite orta hünärmenlik mekdebi	1
Sangkuyunkwan uniwersiteti	1
Sotlandiyanyn tehniki yörite hünärmen mekdebi, Orta Dogu Tehniki uniwersiteti	1
Tehnologiya uniwersiteti Madhya Pradesh	1
"Mihailo Petrowiç Alas" adyndaky yörite orta matematika hünärmenlik mekdebi	1
Günbatar Bogemiya uniwersiteti	1
Kaman yörite orta hünärmenlik mekdebi	1
Bilecik Seyh Edebali uniwersiteti	1
Henri Puankare Nensi I uniwersiteti,Dijon Akademiyasy	1
Istanbul Medeniyet Uniwersiteti	1
Ümraniye Senagat Hünärmen liseyi	1
Hebetek Inzeniring LTD,layyklyk sahadatnamasy	1
Istanbul Bilgi uniwersiteti,Marmara uniwersiteti	1
Hatay-Dörtyol liseyi	1
Kadirli Anadolu yörite orta hünärmen mekdebi	1
Aziya-Yuwas okean sebitini dolandyrys kollezi	1
Orta mekdep (PRO-DRV kran kursy)	1
Moskwa säheri. N.E.Bauman adyndaky Moskwanyn Döwlet Tehniki Uniwersiteti	1
Berlin s. tehniki uniwersiteti	1
Malatya s.orta mekdebi, Stambul s.Hereketli kran is tehnikasyny ulanmak  kursy	1
Rugao yörite orta hünärmenlik mekdebi	1
AKTAS ATATÜRK hünärmentlik we tehniki Anadolu liseyi	1
1.Iclal Ekenler liseyi,2.Saglygy we zähmeti gorayys instituty,3.Hünär Yeterlilik resminamasy	1
Senay «Antonio Souze Noseze » yörite orta hünärmen mekdebi	1
Kozlu yörite orta hünärmenlik mekdebi	1
Osmaniye s.orta mekdep,Kurs tamamlama sahadatnamaly	1
Turgut Ozal yörite orta hünämenlik mekdebi	1
Istanbul Uniwersiteti,Tehniki howpsuzlyk boyunça hünär sahadatnamaly	1
Anadolu uniwersiteti,Eskisehir Hünärmen liseyi	1
Mehmet Akif Ersoy uniwersiteti/ Tehniki bilimler yokary okuw jayy	1
Yörite Düldül gurlusyk tehnikalarynyn operatorlyk kursy	1
Germaniya Uniwersiteti	1
Hayat Boyu Ögrenme Genel Müdürligi/Istanbul -Kartal hünärmençilik okuw merkezi	1
Süleyman Demirel Anadolu yörite orta hünärmenlik mekdebi, Kebsirleyjinin is hünär sahadatnamaly	1
Hindistanyn tehniki okuwlaryn döwlet dolandyrysy	1
Bengal Biznes barlaglary instituty	1
Adana-Seyhan /Motor yörite orta hünärmenlik mekdebi	1
Glazgow s.yokary okuw jayy	1
Kahramanmaras Cumhuriyet yörite orta hünärmenlik mekdebi, MYK hünär ussalygynyn sahadatnamasy	1
GBR., s.Berwick-Upon-Tweed orta mekdep	1
Hatay-Erzin-Halk Egitim Merkezi	1
Londonyn "City and Guilds" instituty	1
Hatay s. hünärmen we tehniki bilim merkezi	1
Mustafa Kemal uniwersiteti,Iskenderun Hünärmen liseyi	1
Osmaniye Uniwersiteti	1
Osmaniye senagat yörite orta hünärmenlik mekdebi	1
Ricardo Palma uniwersiteti	1
Çehiya Döwletinin  Praga s.Tehniki uniwersiteti	1
Zonguldak s. Alapli yörite orta hünärmenlik mekdebi	1
Findikli tehniki yörite orta hünärmenlik mekdebi	1
KARADENIZ Teknik Uniwersiteti, Istanbul Bilgi Uniwersiteti	1
Balikesir köp maksatnamaly hünärmen tayyarlama yörite orta hünärmen mekdebi	1
Ulukisla yörite orta hünärmenlik mekdebi	1
Marmara uniwersiteti/Tehniki ylymlaryn yörite orta hünärmen mekdeb	1
Xingpan inzenerçilik kollezi	1
Kojaeli hünärment mekdebi	1
Sankt-Petersburg Instituty	1
Hayat Boyu Ögrenme Genel  Müdürligine degisli Gaziantep s.hünärmen kursy	1
Hatay-Iskenderun Mesleki Egitim Merkezi	1
Kazan milli gözleg tehnologiya uniwersiteti	1
Lynsey s. orta mekdep	1
Anadoly yörite orta hünärmen mekdebi	1
New Nouveau Brunswick yokary okuw jayy	1
Bilim we Sport ministrligi Sebit VI Julio Ledesma Milli yokary mekdebi, San Carlos Döwlet Kolezi	1
Savastepe Imam Hatip hünärmen mekdebi	1
Beauvais s. orta mekdep	1
IMKB Sakarya tehniki we senagaty yörite orta hünärmenlik mekdebi	1
Günorta Illinois uniwersiteti	1
Baytown uniwersiteti	1
Zonguldak Karaelmas Uniwersiteti/Zonguldak yörite orta hünärmen mekdebi	1
Dogu Akdeniz Uniwersiteti/Saglyk hyzmatlary yörite orta hünärmenlik mekdebi	1
Karl-Marks adyndaky uniwersiteti	1
Shri Dudhganga S.S.K.LTD. Instituty (IND)	1
Kiçiören Senagat Hünärmen liseyi	1
Wrotslaw tehnologiki uniwersiteti	1
Türk Loydu fondynyn ykdysady edarasy., Hünär boyunça yeterlilik sahadatnamasyN:06777/16	1
Ain Shams uniwersiteti	1
SVST Bratislawa Institury	1
Sehit Ögretmen Hüseyin Agirman hünärmenlik we Tehniki Anadolu yörite orta mekdebi	1
LIEGE adyndaky uniwersiteti	1
Operatorlyk kursy	1
Ufa säherindäki yokary hünär biliminin Döwlet bilim edarasy, "Ufa döwlet nebit tehniki uniwersiteti"	1
Almata döwlet energetika we aragatnasyk instituty	1
Adana Ykdysadyyet  Söwda Bilimler Akademiyasy	1
Elbistan s.orta mekdep,Gaziosmanpasa halk bilim merkezi	1
IHK	1
Kocaeli Atatürk senagat yörite orta hünärmen mekdebi	1
Milli akademiki sylaglar birlesigi	1
Milli Bilim ministrligi-Gayybana yörite orta hünärmenlik mekdebi	1
Düziçi yörite orta hünärmenlik mekdebi	1
Ankara s.Orta mekdep.MYK Hünär ussatlygynyn sahadatnamasy 39736909028	1
Ayse Nuriye Tasbasi hünärmenlik we tehniki Anadolu yörite orta mekdebi	1
Ümraniye Senagat Hünärmenlik okuwy	1
Mons s.Halkra terjimeçilerin yokary okuw jayy	1
Fatih liseyi	1
Pekin Tehnologiya instituty	1
Jadawpur Uniwersiteti	1
Hatay s.Dörtyol etray orta mekdep	1
Mançester s.Wiktoriya uniwersiteti	1
Bilim, yaslyk we Sport ministrligi,hünärmenlik yörite orta mekdep	1
Halk kurs merkezi	1
Trakya Uniwersiteti/Edirne tehniki ylymlar yörite orta hünärmenlik mekdebi	1
Russiya döwletinin NAKS milli kebsirleme barlag wekilligi	1
Newsehir Merkez yörite orta hünärmenlik mekdebi	1
Izmir ykdysadyyet uniwersiteti	1
Orta mekdep Ogayo säheri	1
Troy Döwlet uniwersiteti,GE Power Systems degisli hünärmen kursy	1
Ruminiyanyn politehniki uniwersiteti	1
Çankaya Cumhuriyet yörite orta hünärmenlik mekdebi	1
Hayat Boyu Ögrenme Genel  Müdürligine degisli hünärmen okuwy	1
Arhavi s.orta mekdep	1
Swessariyanyn BRUGG kabel isleri akademiyasy kursy, EMELEG yokary geçiriji elektrik baglayjy kursy	1
Ramadan s-inin yokary bilim ministrligi tarapyndan dolandyrylyan 10-njy yokary tehnologiya instituty	1
Karabük Hünärmen Bilim merkezi	1
Kirikkale-Merkez orta mekdebi	1
NEOMA adyndaky menejment instituty	1
Günbatar Malappally merkezi inzenerlik instituty	1
Wirjiniya uniwersiteti	1
Yöritelesdirilen Anadolu yörite orta hünärmenlik mekdebi	1
Madhya Pradesh tehnologiya uniwersiteti,Samrat Ashok Tehnologiki instituty	1
Morrrison uniwersiteti	1
Amerikanyn Beyrut uniwersiteti	1
Leningrad zähmet gyzyl bayrak orderynyn oba hojalyk instituty	1
Gamburgdaky yokary hünär okuwhanasynyn Kebsirleyji - Tehniki okuw synag edis Instituty	1
Çobanbeyli, köp maksatnamaly mekdep	1
Kazanyn A.N.Tupolew adyndaky döwlet tehniki uniwersiteti	1
Ordu senagat hünärmenlik yörite orta mekdebi	1
Mugla Sitki Koçman Uniwersiteti	1
Kastamonu Senagat yörite orta hünärmen mekdebi	1
Gediz Senagat Hünärmen liseyi	1
Sabanjy uniwersiteti/Ekseter uniwersiteti	1
Selimiye yörite orta hünärmenlik mekdebi	1
Akçadag köp maksatnamaly yörite orta hünärmenlik mekdebi	1
Belarus döwlet informatika we radioelektronika uniwersiteti	1
ITSLIGO Tehnologiya Instituty	1
Beykent Üniwersiteti	1
Vega Formazione akkreditlenen bilim edarasy Sahadatnama 1734-2023,  Orta mekdep Italiya	1
Surih uniwersiteti	1
Santa Katarina uniwersiteti	1
Süleyman Demirel Uniwersitet,Yalvaç Tehniki ylymlar hünär mekdebi	1
Arvind Gardbhir yokary okuw jayy	1
Milli Bilim Ministrligi / gaybana okuw liseyi	1
Bayindir Tehniki we Senagat yörite orta hünärmen mekdebi	1
Winçi kolleji	1
Loughborough Uniwersiteti	1
Istambul Täjirçilik Uniwersiteti	1
Merzifon hünärmenlik we tehniki Anadolu yörite orta mekdebi	1
Çukurören obasy 2-nji baslangyç mekdebi	1
Mugla uniwersiteti/ Mugla hünärmenlik yörite orta mekdebi	1
Anna Uniwersiteti	1
Karsiyaka Anadolu Senagat Tehniki liseyi	1
Incirli yörite orta hünärmen mekdebi	1
Gazi uniwersiteti/Distansion bilim yörite orta hünärmenlik mekdebi	1
Izmir Demokrasi uniwersiteti	1
Mut tehniki yörite orta hünärmenlik mekdebi	1
Aydynlyewler telekeçilik hünärment mekdebi	1
Heriot Watt uniwersiteti	1
Bergama Çyraklyk bilim merkezi., Mavi belge halkara sertifikatlandyrys we gözegçilik hyzmatlary Ltd	1
Ankara Döwlet Inzenerçilik we Binagärçilik Akademiyasy	1
Yamaguçi Yanai söwda we tehniki yokary hünärmen mekdebi	1
Pro.Drv.okuw kursy	1
BELGETÜRK Hünär Ussatlygyny Sertifikatlasdyrys we barlag hyzmatlary Täjirçilik Kompaniyasy	1
Mustafa Kemal Uniwersiteti,Iskenderun Hünärmenlik Kollezi	1
Demir Çelik yörite orta we tehniki hünärmen Anadolu mekdebi	1
Türkiye milli bilim müdirliginin Ankara söwda hünärmen mekdebi	1
Prerov s.Masyngurlusyk yörite hünärmen okuw jayy	1
Hindistanyn Hökümeti hünär bilimleri boyunça milli geneslik	1
Mysore Uniwersiteti	1
San Diego State University	1
17 awgust Anadolu tehniki yörite orta hünärmenlik mekdebi	1
Jumhuriyet liseyi	1
Merkezi radio we telewideniye uniwersiteti	1
Madhya Pradesh tehnologiya uniwersiteti	1
Siwas s. Yildizeli Findicak orta mekdep	1
Maras Cumhuriyet yörite orta hünärmenlik mekdebi, MYK hünär ussatlygynyn sahadatnamaly	1
Yalova Uniwersitetinin yanyndaky Yalova yörite orta hünärmen mekdebi	1
Orta bilim, kebsirleme okuw kursy	1
Hasandede Orhan Demirhan köpugurly yörite orta hünärmenlik mekdebi	1
Kaynarja yörite orta hünärmen mekdebi,Ömürboyy öwrenis bas müdirligi(sahadatnama)	1
GÜNORTA KAROLINA umumy bilim mekdebi	1
Moskwa s.kommunal hojalyk we gurlusyk akademiyasy	1
Kaman adyndaky senagat yörite orta hünärmenlik mekdebi	1
Ulus Senagat Hünärmen liseyi	1
Jon Kennedi adyndaky dil bilimi hünärmen mekdebi	1
Afyon Kocatepe Uniwersiteti, Bolvadin hünärment yokary mekdebi	1
Elbistan yörite orta hünärmenlik mekdebi	1
Çehiya Respublikasynyn Umumy bilim beryän hünärmen mekdebi	1
Igdir yörite orta hünärmen liseyi	1
Hunan yol  inzenerçilik instituty	1
Moskwa Döwlet açyk uniwersiteti	1
Gaziantep säheri orta mekdep,Hünär derejesi barada sahadatnama ?YB0006/11UY0032-4/02/8893	1
Filippinler Wisayas Tehnologiya Uniwersiteti, DON BOSCO Tehniki Instituty	1
TUR., KIRIKKALE Uniwersiteti	1
Okan Uniwersiteti	1
TUR., Ordu Tehnik we Senagat hünärmen liseyi	1
Tadeusz Kosciuszko ad.Krakowyn Tehnologiya Uniwer,Warsawanyn Yangyn gullugy-n yörite hünärmen mekdeb	1
TUR., TRAKYA Uniwersiteti	1
Lozanna politehniki yokary okuw jayy	1
YDKM gurlusyk edaralary hünär kwalifikasiya okuwy we sertifikatlasdyrys merkezi	1
Gölcük hünärmenlik we Tehniki Anadolu  yörite hünärmenlik mekdebi	1
Orta, ENKA sirketinde bas montazçy is tejribeli	1
Milli Bilim Ministrligi Ankara s., Açykögretim yörite orta hünärmen mekdebi	1
Mersin kurs müdirligi	1
Dicle uniwersiteti	1
Osmaniye yörite orta hünärmenlik we Tehniki Anadolu mekdebi	1
Cranfield Uniwersiteti	1
Harkow s.radioelektronika instituty	1
Yedidepe Uniwersiteti, hünärmentlik okuwy	1
Jacksonville-Döwlet Uniwersiteti	1
Uludag uniwersiteti,Keles Hünärmen liseyi	1
Sakarya uniwersitetinin yanyndaky Hendek yörite orta hünärmen mekdebi	1
1.Napier uniwersiteti,2.Strathclyde uniwersiteti	1
Türkmen Döwlet Binagärlik-Gurlusyk Instituty	1
Ghoil yörite orta mekdep	1
Demirözü yörite orta hünärmenlik mekdebi	1
Yalowa Uniwersitetinin yanyndaky Yalowa yörite orta hünärmen mekdebi	1
Zonguldak- Eregli etrabynyn Tehniki we Senagat hünärmen okuwy	1
orta mekdep,IMI-CCI AB okuw kursy	1
Anadolu Uniwersiteti/Kütahya yörite orta hünärmenlik mekdebi	1
Ümraniye Hünärmenlik we Tehniki Liseyi	1
Sütcü Imam yörite orta  hünärmenlik mekdebi	1
Günorta Tyneside kollezi	1
Tawsanli senagat yörite orta hünärmenlik mekdebi	1
Gämi we ulag koleji	1
Özyegin Uniwersiteti	1
Lindsey kolleji	1
McNeese State uniwersiteti	1
Serhetlesdirme we säher taslama kursy	1
Halkara türkmen-türk uniwersiteti	1
Tawsanly tehniki we senagat hünärment mekdebi	1
OSGB kurslary	1
Lörrach säherinin Hünärmen Kollejinyn Inzenerlyk Instituty	1
Selçuk Üniwersitetinin Kadynhany Faik Içil yörite orta hünärmenlik mekdebi	1
Shanghai Jiaotong uniwersiteti	1
Tomas uniwersiteti	1
Pokryskin A.I. ad. Kiyew Howa Hüjüminden Goranys yokary inzenerlyk radiotehnika hünärmenlik okuwy	1
N.E. Bauman adyndaky Moskwanyn Döwlet Tehniki Uniwersiteti	1
Marmara Anadolu yörite orta hünärmen mekdebi	1
Süleyman Demirel uniwersiteti/ Burdur hünärmenlik yörite orta mekdebi	1
Ispaniya Nawarra uniwersiteti	1
Berlin s.Döwlet tehniki koleji	1
Düzce söwda hünärmenlik yörite orta mekdebi	1
Turgay Ciner hünärmenlik we Tehniki Anadoly yörite orta mekdebi	1
Granise s.enjamlar hünär mekdebi	1
Aybaba Hasan yörite orta hünärmenlik nekdebi	1
Sivas Cumhuriyet yörite orta hünärmenlik mekdebi	1
Atatürk yörite orta hünärmenlik mekdebi/MYK hünär ussatlygynyn (kwalifikasiyasynyn) sahadatnamasy	1
Celal Bayar Uniwersiteti	1
Izmir s.orta mekdep, Kurs tamamlama sahadatnamaly (metal tehnologiya)	1
DEA Torino Italiya	1
Çehiya Respublikasynyn tehniki hyzmatlar Hünär mekdebi	1
Pendik senagat hünärmen liseyi	1
Mersin s.orta mekdep	1
Osmangazi Uniwersiteti	1
MEI Milli gözleg uniwersiteti	1
Sian Jiao Tong uniwersiteti	1
Wuhan tehnologiya uniwersiteti	1
Tunceli Uniwersiteti/Tunceli yörite orta hünärmenlik mekdebi	1
Orta mekdep, Stambul/Kartal/Kartal Halk Bilim Merkezi (161661)	1
Ümraniye Atatürk senagat yörite orta hünärmen mekdebi	1
Moskwanyn amaly biotilsimatlar instituty	1
Oklahoma döwlet uniwersiteti	1
Halton tehnologiyalar koleji	1
Prerowa hünär mekdebi	1
Yan Fabsius adyndaky howa garsy gorag Dauçaw Pilsk yokary awiasiya inzener yökary mekdebi	1
CHULALONGKORN Uniwersiteti	1
Milli Bilim Ministrligi-ussalyk kepilnamasy,Is enjamlaryny ulanmak sahadatnamasy	1
Samaranyn döwlet Aerokosmiçeskiy Uniwersiteti	1
Menemen Anadolu yörite orta hünärmenlik mekdebi,MYK hünär ussatlygyn sahadatnamasy	1
Istanbul Tehnik Uniwersiteti, Binagärçilik fakulteti	1
Inönü yörite orta we tehniki hünärmen Anadolu mekdebi	1
Seljuk Uniwersiteti/Aksaray Hünärmentlik okuwy	1
Çinarli Senagat hünärmen liseyi	1
Samandag Atatürk yörite orta hünärmenlik mekdebi	1
Kazanyn N. E. Bauman adyndaky döwlet weterinar lukmançylyk akademiyasy	1
50-NJI YYL TÄHRAN ANADOLY LISEYI	1
Singapur säherinin Kembrij adyndaky Uniwersiteti	1
Ispaniyanyn Bilim we ylym Ministrligi	1
Marmara uniwersiteti/Istanbul täjirçilik uniwersiteti	1
Kafkas Unwirsiteti	1
Pendik Senagat yörite orta hünärmen mekdebi	1
Sankt-Peterburg Döwlet Politehniki Uniwersiteti	1
Bingöl-Solhan liseyi,GWR Global yel guramasy WINDA kursy sahadatnama YG061629TR	1
Eyran Yslam Respublikasynyn Babol Nosirwany tehnologiya uniwersiteti	1
Bolgariyanyn politehniki uniwersiteti	1
Mersin senagat yörite orta hünärmen mekdebi	1
ABS zähmet ministrligi okuw we bilim byurosy	1
Tamamlanmadyk Yörite orta, Milli Bilim Ministrligi,/Gaybana okuw liseyi	1
Tanir Atatürk yörite orta hünärmenlik mekdebi	1
ISIM akademiyasy	1
Milli bilim ministrligi,Erkunt hünär okuw merkezi	1
SELÇUK Uniwersiteti Çumra hünärment yokary mekdebi	1
Wolverhampton uniwersiteti	1
Maglumat ylymlary we tehnologiyalary uniwersiteti	1
Estarreja yokary okuw mekdebi	1
Gazak-Britan tehniki Uniwersiteti	1
Cebu Tehnologiya instituty	1
Açikögretim yörite orta hünärmenlik mekdebi	1
Sehit Gaffar Okkan yörite orta hünärmenlik mekdeb,Ömürboyy Öwrenis Bas müdürligi	1
IVN Döwlet yokary hünärmen mekdebi	1
Wadim Getman adyndaky Kiyew Milli ykdysadyyet uniwersiteti	1
Adana s.häkimlik,Ussalyk sahadatnamasy	1
University of Wisconsin Platteville	1
Nigde Senagat hünärmen liseyi	1
Azerbayjan SSSR-in tehniki-hünärmen bilimleri döwlet genesi	1
Demirgazyk Günbatar Nonglin ylym we tehnologiya uniwersiteti	1
Çatak Anadolu yörite orta hünärmen mekdebi	1
Roma Tre Uniwersiteti	1
Fatih Sultan Mehmet Vakif uniwersiteti	1
Atasehir Yörite okuw kursy	1
Bryansk Döwlet inzenerçilik we tehnologiya akademiyasy	1
Moskwanyn "SINERGY" maliye-senagat uniwersiteti	1
Ankara s. orta mekdep	1
Seyhan yörite orta hünärmenlik mekdebi, hünär ussatlygynyn sahadatnamasy	1
Döwlet Kolledz, Politehniki Instituty,Kusalnagar Karnataka/Hindistan	1
Ankara Hünärmen liseyi	1
Marmara Uniwersiteti/Bank we ätiyaçlandyrys yörite orta hünärmen mekdebi	1
Adana s.orta mekdep,Jeyhan we Yüregir halk bilim merkezi	1
Süleyman Demiral Uniwersiteti/ Keçiborulu yokary hünärmen mekdebi	1
Kaliningrad döwlet tehniki uniwersiteti,                        Sankt Petersburg howa goragynyn radi	1
Zonguldal Senagat hünär mekdebi	1
"EMTA"  "The Engineering and Marine Training authority"  Hünär derejesini gowsurys guramasy	1
Sondon yokary senagat mekdebi	1
Düzköy Jewizlik orta mekdebi	1
Iskenderun s. orta mekdep, Hünär derejesinin sahsyyetnamaly	1
Sehit Oguz Özgür Çewik Anadolu mekdebi	1
Otto Fon Gerikke Uniwersiteti	1
Senagat Hünärmen liseyi	1
Marmara uniwersiteti/Hacattepe uniwersiteti Tebigy ylymlar instituty	1
Senagat Amaly Sungat Okuwy (Sarayönü S.A.S.okuwy)	1
Trinty Kollezi we Uniwersiteti	1
Jeyhan Anadoly yörite orta hünärmen mekdebi	1
Göljük Senagat yörite orta hünärmenlik mekdebi	1
Belgraddaky "Nikola Tesla" adyndaky elektrotehnika hünärmen mekdebi	1
Sankt-Petersburg Döwlet politehniki Uniwersitety	1
Yörite orta,                    Kdz Eregli Senagat yörite orta hünärmen mekdebi	1
Gaziantep Hünärmentlik Yokary Okuw Jayy, Silifke Senagat Hünärmentlik Liseyi	1
MEF Uniwersiteti	1
Demirgazyk Nottinghamshir yokary okuw jayy	1
Osmaniye  Ulukisla yörite orta hünämenlik mekdebi	1
Meksikanyn milli politehniki instituty	1
ITA Bilim Ministrligine degisli Tehniki Instituty	1
Istanbul Aydyn uniwersiteti	1
Akademik S.P. Korolewa adyndaky Samara Döwlet Aerokosmiki Uniwersiteti	1
Elektriklerin Döwlet yörite orta hünärmen mekdebi	1
Demirgazyk KAROLINA Döwlet Uniwersiteti	1
Çangwon Moonsung yörite orta hünärmen mekbep	1
Trakya uniwersiteti,Tekirdag Hünärmen liseyi	1
Meltepe uniwersiteti/Halkara kebsirleme Instituty	1
VDAB Tehniki hünärmen sertifikaty	1
Tokio Metropolitan uniwersiteti	1
Kiyewin rayat awiasiyasynyn inzenerleri instituty	1
Glamorgan uniwersiteti	1
Ümraniye yörite orta hünärmen mekdebi, Port operatorlyk birlesigi, hünär sahadatnamasy 15UY0218-2	1
Zonguldak s. orta mekdep., Belgetürk Halkara sertifikatlandyrys we gözegçilik hyzmatlary	1
Milli Tehnologiya instituty	1
Dresden tehniki uniwersiteti	1
Edirne senagat yörite orta hünärmenlik mekdebi/Hünärmenlik sahadatnamaly	1
Güllübag baslangyç mekdebi	1
Akyaka yörite orta hünärmenlik mekdebi	1
SILEZSKIY Tehnologik Uniweriteti	1
Gayybana liseyi,Milli Bilim ministrligi,kurs tamamlama belgisi	1
Lefke Evropa Uniwersiteti	1
Bursa Atatürk Senagat hünärmen mekdebi	1
Günbatar Bengaliyanyn Döwlet tehniki bilim genesi	1
Amaly ylymlaryn uniwersiteti,Gannower amaly ylymlar uniwersiteti	1
Harkowyn milli radioelektronika uniwersiteti	1
Istanbul Dokma Hünärmen liseyi	1
Russiyanyn Yaroslawldaky Maliye akademiyasy	1
Rybin adyndaky Döwlet Awiasiya Tehnologiya Akademiyasy	1
Atisalani liseyi	1
Gaziantep uniwersiteti/yörite orta hünärmenlik mekdebi	1
Monza ITA Bilim Ministrligine degisli Tehniki Instituty	1
Moskwa säheri, Moskwanyn Döwlet dasky gursaw inzenerçilik uniwersiteti	1
ECITB okuw kursy	1
Garadeniz tehniki uniwersiteti	1
Kalikut uniwersiteti	1
Düzce uniwersiteti/Düzce yörite orta hünärmenlik mekdebi	1
Azerbayjan Döwlet Nebit Akademiyasy	1
Ulus sehit Erkan Yalçyn Anadoly yörite orta hünärmen mekdebi	1
Liverpool politehniki uniwersiteti	1
K.I.Satbayew adyndaky Kazak milli tehniki Uniwersiteti	1
Mumbai s. döwrebap inzeneriya tilsimatlar kolleji	1
Gamburgyn uzakdan bilim beryän Yewropa uniwersiteti - amaly ylymlaryn uniwersiteti	1
Karlos III Madrid uniwersiteti	1
Kalikutta Uniwersiteti	1
Soma Anadolu yörite orta hünärmen mekdebi	1
Lehigh uniwersiteti	1
Mus Senagat Hünärmen liseyi	1
Osman Ülkümen Anadoly hünärmen mekdebi	1
Nawoyi Döwlet Mogalymçylyk Instituty	1
Bornowa Mimar Sinan Senagat Hünärmen liseyi	1
Adana liseyi	1
Tarsus Cumhuriyet yörite orta hünärmenlik mekdebi	1
Hawa Astsubay yokary hünärmen mekdebinin müdirligi	1
Essec and Manheim isewürlik institutlary	1
Mazgirt Anadolu yörite orta hünärmen mekdebi	1
Zonguldak-Eregli Atatürk orta mekdep.,TCS Halkara sertifikat-s hyzmatlary guramasy	1
Polatly Senagat Hünärmen liseyi	1
Visvesvaraya Tehnologiki uniwersiteti	1
"Alfieri Maserati" adyndaky Döwlet tehniki senagat instituty	1
Demirgazyk Kipr Türk Respublikasyndaky Gündogar Akdeniz Uniwersiteti	1
ERCIYES Uniwersiteti	1
KIEL amaly ylymlar uniwersiteti	1
Ordal liseyi,Yowik inzenerçilik okuw mekdebi	1
1.Cumhuriyet Uniwersiteti,2.Halkara inzener kebsirleyjilerin hünärmen sapaklary,3.Halkara Kebsirleme	1
Ümraniye yörite orta hünärmenlik mekdebi	1
Hirosima uniwersiteti	1
Ömürboyy Öwrenis Bas Müdürligi,Istanbul Sisli yörite orta hünärmenlik okuwy-Amaly we gözleg merkezi	1
"E.Majorana"döwlet instituty	1
Kyoto uniwersiteti	1
Harby-deniz güyçleri mekdebi	1
Orta bilim, Istanbul tehniki senagat we hünärmen liseyine degsli okuw kursy	1
"Karlovac" yörite orta hünärmen mekdebi	1
Yalova senagat hünär okuwy	1
Iwan-Frankow Milli Tehniki Nebit-gaz uniwersiteti	1
Siwas Senagat hünärment mekdebi	1
Tomsk Politehniki Uniwersiteti	1
Anadolu yörite orta hünärmenlik mekdebi	1
Koç uniwersiteti	1
Mus Tobb yörite orta hünärmen mekdebi	1
Kazan döwlet uniwersiteti-Niznekamsk himiya-tehnologiya instituty	1
Zonguldak senagat yörite orta hünärmen mekdebi, MYK Hünär ussatlygynyn sahadatnamaly	1
Donsk Döwlet Tehniki Uniwersiteti	1
Istanbul Tehniki Uniwersiteti/Elektrik-elektronika fakulteti	1
ATATÜRK yörite hünärmenlik we tehniki Anadolu orta mekdebi	1
Ömürboyy Öwrenis Bas Müdürligi,Gayybana Maöl senahaty yörite orta hünärmenlik mekdebi	1
Erzincan uniwersiteti	1
"CEDECO" Bilim we ylym ministrligi tarapyndan ygtyyarlandyrylan okuw merkezi	1
Akçadag Ören yörite orta hünärmenlik mekdebi	1
K.E. Sialkawsk adyndaky Moskwanyn awiasiya tehniki instituty	1
Firat uniwersiteti, Tehniki ylymlar yörite orta hünärmenlik mekdebi	1
Beyik Britaniyanyn LAFBORO Uniwersiteti	1
Piraziz Senagat Hünärmen liseyi	1
Ural Döwlet oba hojakyk akademiyasy	1
Fahrettin Kemal yörite orta hünärmenlik mekdebi	1
Anadolu Uniwersiteti, KTO Karatay Uniwersiteti-(kurs )	1
Çukuroba elektrik hünärmenlik we tehniki Anadoly yörite orta mekdebi	1
Gazagystanyn Serikbayew adyndaky tehniki uniwersiteti	1
Bakirköy Senagat Hünärmen liseyi	1
Dokuz Eylül uniwersiteti,Izmir Hünärmen liseyi	1
King Saud Uniwersiteti	1
Ankara/Yenimahalle gayybana yörite orta hünärmenlik mekdebi	1
Magdeburg Otto Fon Gerik adyndaky amaly ylymlaryn uniwersiteti	1
Almata energetika we aragatnasyk Uniwersiteti	1
Liège yokary okuw jayy	1
Çehiya Respublikasy., Hranice s., Prerov etr. tehniki hünärmen liseyi	1
Merkez Cumhuriyet yörite orta hünärmenlik mekdebi	1
Sakarya amaly ylymlar uniwersiteti	1
Hasan Kalyoncu Uniwersiteti	1
Nansi säherinin inzenerçilik ylymlary we tehnologiyalar yokary okuw jayy, Anri Puankare uniwersiteti	1
Selçuk Uniwersitetinin Bozkir hünärmenlik yörite orta mekdebi	1
Sheffield uniwersiteti	1
Anadolu uniwersiteti, Gayybana yörite orta hünärmenlik mekdebi	1
Milli Bilim Ministrligi, Certificat d'Aptitude Professionnelle	1
Kocasinan yörite orta hünärmenlik mekdebi	1
Kozan Tehniki we Senagat yörite orta hünärmen mekdebi	1
Heze säher yörite orta hünär tehniki mekdebi	1
Malatya Senagat liseyi	1
On Dokuz Mayys Uniwersitety/Samsun Hünärmentlik Mektebi	1
Oltu hünärmenlik we Tehniki Anadolu yörite orta mekdebi	1
Bursa Uludag uniwersiteti	1
Rize s. orta mekdep	1
City & Cuilds instituty	1
Bas hünär we adam çesmelerini kämillesdiris merkezi	1
Xi'an Jiaotong uniwersiteti	1
Dr.Babasaheb Ambedkar Tehnologiya uniwersiteti	1
Mançester Uniwersiteti	1
Hirosima tehnologiya instituty	1
Pensilwaniyanyn Döwlet Uniwersiteti	1
Kamsk döwlet inzenerçilik-ykdysadyyet akedemiyasy	1
Almatanyn Energetika we Aragatnasyk Instituty	1
Tarsus hünärmenlik we tehniki Anadolu hünärmenlik yörite orta mekdebi	1
Bartin yörite orta hünärmenlik mekdebi	1
King Fahd adyndaky Nebit we minerallar uniwersiteti	1
Ömürboyy Öwrenis Bas Müdürligine degisli Kadiköy s.hünärmen kursy	1
Ceyhan Senagat hünärmen liseyi	1
Zonguldak Anadolu yörite orta hünärmen mekdebi	1
Terbuka uniwersiteti	1
Desh Bhagat Uniwersiteti	1
Körfez senagat hünärmen liseyi	1
Farabil yörite orta hünärmenlik mekdebi, Kurs tamamlama sahadatnamaly	1
Menoufiya uniwersiteti	1
Bahçet Kemal yörite orta hünärmenlik mekdebi/Hönärmenlik sahadatnamaly	1
Lindenhurst, NY ABS Gurluslaryn taslamasy we tehnikasy hünärmen mekdebi	1
Tasdelen IMKB senegat yörite orta hünärmenlik mekdebi	1
Babasaheb Gawde Dolandyrys ylymlarynyn instituty	1
Kojaeli uniwersiteti,Orta Gündogar Tehniki Uniwersiteti	1
Oregon Döwlet Uniwersiteti	1
TUR., Eskisehir Osmangazi Uniwersiteti	1
Leningradyn S.O.Makarow adyndaky yokary inzenerçilik deniz hünärmen mekdebi"	1
Merkez senagat hünärment liseyi	1
Afsin yörite orta hünärmenlik we senagat mekdebi	1
Vallabh Budhi Politehniki instituty Navsari	1
Halkara Kipr Uniwersiteti	1
Taskent Döwlet awiasiya instituty	1
Abant Izzet Baysal uniwersiteti/Düzce hünärmenlik yokary okuw jayy	1
Gieben-Friedberg adyndaky amaly ylymlar uniwersiteti	1
Thessaloniki Aristotle uniwersiteti	1
Osmaniye hünärmenlik we Tehniki Anadolu hünärmenlik yörite orta mekdebi	1
Selçuk Uniwersiteti Silifke-Tasuju hünärment yokary mekdebi	1
Inönü yörite orta hünärmenlik mekdebi, MYK kebsirleme okuw kursy	1
Günorta Florida Uniwersiteti	1
GBR., s.Melton Mowdray orta mekdep	1
Milli Uçarçylyk Uniwersiteti	1
Hacettepe Uniwersiteti/Eregli yörite orta hünärmen mekdebi	1
Kerala uniwersiteti	1
Marmara uniwersitetinin tehniki ylymlar yörite orta hünärmenlik mekdebi	1
Erkunt Hünärmen liseyi	1
Indoneziyanyn tehnologiya instituty	1
Düzce uniwersiteti/Gümüsova hünärmenlik yörite orta mekdebi	1
Sumgait Döwlet Uniwersiteti	1
Necmi Kadioglu Anadolu yörite orta hünärmenlik mekdebi	1
Qingdao yörite orta hünärmenlik mekdebi	1
Balykesir merkezinin senagat hünär mekdebi	1
Mersin uniwersiteti,Tehniki bilimler hünärmen liseyi	1
Maastricht Uniwersiteti	1
PR28000005- Sri Sai Baba senagat okuw merkezi, Addanki	1
Mimar Sinan Güzel Sanatlar uniwersiteti	1
"G.Markoni" Döwlet senagat tehniki instituty	1
Stuiverstraat Tehniki instituty	1
Kobe Üniversitesi	1
Patysa Fahd adyndaky Nebit we yer baylyklary uniwersiteti	1
Ibrahim Atali yörite orta hünärmenlik mekdebi	1
Sakarya uniwersiteti/Sakarya yörite hünärmenlik yokary okuw jayy,Pendik tehniki yörite orta mekdep	1
Polsa Döwletinin Tehnologiyalar akademiyasy	1
Milli tehniki uniwersiteti	1
Bursa s.orta mekdebi	1
Izmir s.Anadolu yörite orta hünärmen mekdebi	1
Eyranyn dolandyrys we meyillesdiris guramasy	1
Azerbayjandaky Azerbayjan gurlusyk inzenerlik Uniwersiteti	1
Sarkikaraagaç hünärmen we tehniki liseyi	1
TUR., Ordu Senagat hünärmen liseyi	1
Ignatiy Lukasewiç adyndaky Jesuw tehnologiki uniwersitet	1
Marmara uniwersiteti tehniki ylymlaryn hünärmentlik mekdebi	1
Halkara Sarayewo uniwersiteti	1
Kriteyl Akademiyasy,Monpelye Akademiyasy	1
Rasim Önel täjirçilik hünär we tehniki Anadoly yörite orta  mekdebinin müdirligi	1
Akhisar senagat yörite orta hünär mekdebinin müdirligi	1
Ankara Hünärmenlik Okuw Merkezi we 4-nji Agsam Sungat Mekdebi	1
Harkow politehniki uniwersiteti	1
Dursunbey yörite orta hünärmenlik mekdebi	1
Bagdat Uniwersiteti/ inzenerçilik kollezi	1
Gaziantep is tehnikalarynyn ulanys kursy,oparatorlyk belgisi/Sarylar Grup okuw kursy	1
Jeonbuk Milli Uniwersiteti	1
Eskisehir Imam - Hatip yörite orta hünärmenlik mekdebi	1
Siçuan Ylym we inzenerçilik uniwersiteti	1
Ferit Sahenk yörite orta hünärmenlik mekdebi	1
FRA., BORDO Instituty	1
Merkezi Lille instituty	1
Ilgin yörite orta hünärmenlik mekdebi	1
STAMBUL TEHNIKI UNIWERSITETI	1
Zonguldak s Göbü orta bilim mekdebi,MYK hünär ussatlygynyn sahadatnamaly	1
Greenwich uniwersiteti	1
Vittuone Yokary okuw jayy	1
Moskwanyn M.W.Lomonosow adyndaky döwlet uniwersiteti	1
 Sweysariyanyn Federatiw Tehnologiya Instituty	1
Limerick uniwersiteti	1
Fyrat Uniwersiteti	1
Limerick Uniwersiteti	1
1.T.I.Nosow adyndaky Magnitogorsk döwlet tehniki uniwersiteti,2.Moskwanyn energetika instituty	1
Visakhapatnam/Politehniki instituty	1
Mezitli yörite orta hünärmenlik mekdebi	1
Konya s.,Seniha Ali Fuat Belgin köp maksatnamaly yörite orta mekdebi	1
Alstom uniwersiteti, ECITB Inzenerçilik, gurlusyk, senegat okuw merkezi	1
Kuwweyt okuw merkezi	1
Ömürboyy Öwrenis Bas Müdürligi,Gayybana yörite orta hünärmenlik mekdebi/kurs tamamlama sahadatnamaly	1
FRA orta mekdep,Oerlikon Metco Europe GmbH kompaniyasynyn okuwy	1
Esenyurt uniwersiteti	1
Marmara Uniwersiteti/Tehniki ylymlar fakulteti	1
Hünärmen mekdeplerin milli genesi,Rayalaseema senagat zähmet we okuw merkez ministrligi	1
Osmaniye/Merkez Devripasa liseyi	1
Yyldyz Uniwersiteti, Karabük Uniwersiteti	1
Çine s.orta mekdep	1
Almata Tehnologiya Uniwersiteti	1
Wrotslaw energetiki tehnikumy	1
s.Salpazari orta mekdep	1
GBR WESTMINSTER Uniwersiteti	1
Erciyes Uniwersiteti/Kayseri yörite orta hünärmen mekdebi	1
Milli Bilim ministrligi: Metal tehnalogiya / Argon kebsirleyji kurslary	1
Soma s.orta mekdep,Hususy bilim kurs sahadatnamaly	1
Lüleburgaz Senagaty Hünärmen liseyi	1
Kiremithana tehniki we senagat hünärment mekdebi	1
Yerköy Sehit Ferhat Gökdemir hünärmenlik we tehniki Anadolu yörite orta hünärmenlik mekdebi	1
Kadiköy s. orta mekdep	1
Ahlat köp meyilnamaly yörite orta hünärmen mekdebi	1
Avrasya uniwersiteti	1
Kiçiören Tehniki Senagat Hünärmen liseyi/Elektrik layyklyk Sertifikaty	1
Gündogar Ortayer Denizi Uniwersiteti	1
Merkezi radioaragatnasyk we telewideniye uniwersiteti	1
Soltan Alparslan yörite hünär we tehniki Anadoly mekdebi	1
Ümraniye Senagat Hünärmentlik liseyi	1
Merkezi Florida Uniwersiteti	1
Moskwa Energetika Instituty	1
Elektrik we maglumat tehnikasynyn akademiyasy	1
Boyabat köp maksatnamaly yörite orta hünärmen mekdebi	1
Bursa s.Mimar Sinan adyndaky senagat hünärmen liseyi	1
Shenyang uniwersiteti	1
Gültepe Senagat hünärmen mekdebi	1
Kadirga Senagat Hünärmen liseyi.,Istanbul	1
Punjab tehnologiya kollezi	1
Deli s.tilsimatlar instituty	1
Samsun senagat yörite orta hünärmen mekdebi	1
Düziçi 75-nji yyl hünärmentlik we tehniki anadolu liseyi,Sahadatna-"Plarad" Torgue & Tension Systems	1
Toros we Çukurowa Uniwersitetleri	1
Annamalai uniwersiteti	1
Clemson University	1
Söwad Sahadatnamalasdyrys	1
"AL-BALQA APPLIED" Uniwersiteti	1
Gauhati Uniwersiteti	1
Yamaguçi Tokuyama tehniki yörite orta hünärmen mekdebi	1
Larsen&Toubro Tehnologiyalar instituty	1
Soma Linyit yörite orta hünärmenlik mekdebi	1
Ural döwlet tokay tehnikalary uniwersiteti	1
Antwerp dolandyrys ylymlarynyn uniwersiteti	1
Ankara Täjirçilik yörite orta hünärmenlik we Anadolu Täjirçilik yörite orta hünärmen mekdebi	1
Veysel Karani yörite orta hünärmenlik mekdebi	1
Medine Tayfur Sökmen yörite orta hünärmen mekdebi	1
Suez Canal Uniwersiteti	1
Kocaeli - Körfez senagat hünärmen liseyi	1
Stambul Arel Uniwersitety	1
Karadeniz Tehnik Uniwersiteti, ZDÜM - Zähmet saglygy we howpsuzlygy bas müdirligi	1
Tolentino tehniki institury	1
Annaba yörite orta hünärmen mekdebi	1
Gujarat Uniwersiteti, Plastmassa inzenerçiligi we gurallary merkezi Instituty	1
Çanakkale hünärmen we tehniki Anadolu mekdebi	1
Sakarya s.orta mekdep	1
Gautam Buddh adyndaky Tehniki Uniwersiteti	1
Gaziantep uniwersiteti/Kilis yörite orta hünärmenlik mekdebi	1
Keçiborlu yörite orta hünärmenlik mekdebi/Torbali senagat yörite orta hünärmenlik mekdebi	1
Kütahya senagat yörite hünärmen mekdebi	1
Zittau/Goerlitz tehnologiki uniwersiteti	1
GRANFIELD Uniwersiteti	1
Mehmet Akif Ersoy Uniwersiteti,Gölhisar hünärmen liseyi	1
Yasar Uniwersiteti	1
Döwlet Jezkazgan agrar-tehniki kollezi	1
Tehniki synaglar boyunça genes	1
Italiyanyn Senagaty Instituty	1
Treviglio	1
Kocaeli senegat yörite orta hünärmenlik mekdebi	1
Demirtaspasa senagat yörite orta hünärmenlik mekdebi	1
1.ABS mehanika inzenerlerin guramasy,2.GE Power Systems degisli hünärmen kursy	1
Düzce senagat hünärmenlik yörite orta mekdebi	1
Pittsburgh okuw mekdebi, GE Vernova içerki tehniki okuw	1
Dr.Nureddin Erk-Perihan Erk senagaty hünär mekdebi	1
Ümraniye s.orta mekdep	1
Atatürk uniwersiteti/Halkara Kebsirleme instituty	1
Hususy Ünwan hyzmatçy okuw kursy	1
Huaian maglumat tehnologiyalar kollezi	1
HONGIK uniwersiteti	1
SUFFIELD Uniwersiteti	1
Daskent döwlet tehniki uniwersiteti	1
Britaniyanyn Kolumbiya Uniwersiteti	1
Ceyhan Anadolu yörite orta hünärmen mekdebi	1
Ispaniyanyn Pere Martell adyndaky Instituty	1
Moskwanyn Döwlet Tehniki Rayat Awiasiyasynyn Uniwersitety	1
Kadirli s.Senagat hünärmen liseyi	1
Orta mekdep, Gama senagat sertifikaty	1
Beyik Britaniyanyn "Modern Apprenticeships"okuw merkezi	1
Sakarya Fatih senagat yörite orta hünärmen mekdebi	1
Kirikkale uniwersiteti	1
Zonguldak s. Kilimli senagat yörite orta hönärmenlik mekdebi	1
Rades Yokary tehnologiki barlag instituty	1
Osmaniye Korkut Ata Uniwesiteti	1
Kuzbas Döwlet Tehniki Uniwersiteti	1
Kahramanmaras Sütçü Uniwersiteti	1
Yesilevler Senagat yörite orta hünärmenlik mekdebi	1
Kolumbiya/Missuri kolleji	1
Bordeaux Segalen uniwersiteti	1
Kahramanmaras Sütçü Imam Uniwersiteti	1
Konak Mithatpasa Nünärmenlik we Tehniki Anadoly Liseyi	1
Münhen tehniki uniwersiteti	1
Körfez senagat yörite orta hünärmenlik mekdebi	1
Bolvadin Imam Hatip yörite orta hünärmenlik mekdebi	1
"Universidad del País Vasco" uniwersiteti	1
Mangalora uniwersiteti	1
Gazi Senagat yörite orta hünärmenlik mekdebi	1
Çanakkale Onsekiz Mart Uniwersiteti	1
Tehnologiya we dizayn ugry boyunça Sankt-Peterburg Döwlet Uniwersiteti	1
Gazagystan Tehniki instituty	1
Anglia Ruskin Uniwersiteti	1
Körfez senagat hünärmen liseyi/Katepe sertifikatlandyrlys we bilim Hyzmatlary	1
Mersin uniwersiteti/yörite orta hünärmenlik mekdebi, hünar ussatlygynyn sahadatnamasy	1
Fransiyanyn Panteon -Sorbonne (Parizin I uniwersiteti) uniwersiteti	1
Kanadanyn Alberto säherindäki Uniwersitet, Hukuk ylymlarynyn  Bakalawr derejeli	1
GBR., s.Swansea orta mekdep,"EMTA awards limited" hünär derejesini gowsurys guramasy	1
"Universidad de Oviedo" uniwersiteti	1
SOMFY School / hünär serifikaty	1
Seyhan Anadolu yörite orta hünärmen mekdebi,Hünär derejeli sahsyyetnama	1
Cevat Koçak Anadolu yörite orta hünärmenlik mekdebi,MYK hünär ussatlygynyn sahadatnamasy	1
Skedsmo yörite orta hünärmen mekdebi	1
The New Horizons tehnologiya instituty	1
Samandag Atatürk yörite orta hünärment mekdebi	1
TESLA Hünär Ussatlygyny Sertifikatlasdyrys we barlag hyzmatlary Täjirçilik Kompaniyasy	1
Azerbayjan Döwlet Nebit we Senagat Uniwersiteti	1
Lyez Uniwersiteti: Lyez, Belgiya, Konsepsyon uniwersiteti: Konsepsyon, Çili.	1
Atatürk uniwersiteti, Erzinjan yörite orta hünärmenlik mekdebi	1
ABERTAY DUNDEE Uniwersiteti	1
Osmaniye hünärmenlik we tehniki Anadoly yörite ora mekdebi	1
Panjab Uniwersiteti	1
Koçaeli is tehnikalarynyn ulanys kursy	1
Mogan ayratyn hereketlendirijili ulaglar sürüjileri kursy	1
Darija Aslan Sement Tehniki we Senagat Hünärmen liseyi	1
Istanbul hünärmen liseyi	1
Kozan Sehit Arda Jan Hünärmenlik we Tehniki Anadoly yörite orta mekdebi	1
Carnegie Mellon Uniwersitety	1
Soma yöite orta hünärmenlik mekdebi	1
Tarsus Senagat Hünärmenlik mekdebi	1
Glasgow Strathclyde uniwersiteti	1
Bandirma Anadolu Hünärmen-Tehniki liseyi/Hatay bilim merkezi	1
Anadolu uniwersiteti, Antalya Senagat yörite orta hünärmenlik mekdebi	1
Filippin Politehniki uniwersiteti	1
Bayindir yörite orte hünärmenlik mekdebi	1
Mezitli köp ugurlu yörite orta hünärmenlik mekdebi/Ussatlyk sahadatnamasy	1
Bristol uniwersiteti	1
Milli amaly ylymlar instituty	1
Londonyn ykdysadyyet we politologiya mekdebi/Nottingemyn hukuk mekdebi	1
Akkaya liseyi	1
Kangal Senagat yörite orta hünärmen mekdebi	1
Hokkaido uniwersiteti	1
Iskenderun yörite orta hünärmen mekdebi	1
Iskenderun yörite orta hünärmen mekdebi	1
Sehit Büyükelçi Danis Tunaligil hünärmenlik we Tehniki Anadolu yörite orta mekdebi	1
Sur yörite orta hünärmenlik mekdebi	1
USA New York orta mekdep	1
Gültepe Geywe köp meyilnamaly yörite orta hünärmen mekdebi	1
Leeds uniwersiteti	1
Karsiyaka liseyi, Hayat Boyu Ögrenme Genel Müdürligine degisli Izmir s.hünärmen kursy	1
Türkiyänin Aksaray Uniwersiteti/Aksaray tehniki bilimlerinin hünärmen mekdebi	1
Milli Motilal Nehru adyndaky Tehnologiya Instituty	1
Bandung Tehnologiya instituty/Ylym we Tehnologiya uniwersiteti	1
Seyhan Çyraklyk Bilim Merkezi	1
Azerbeyjan Binagärçilik we gurlusyk uniwersiteti	1
Wehta säherinin Elektrotehnika,Oldenburg senetçilik hünärmen mekdebi	1
Isel instituty	1
Sapanca senagat yörite orta hünärmenlik mekdebi	1
Malatya Jumhuriyet yörite orta hünärmenlik mekdebi	1
Birla tilsimat we ylym instituty	1
Mandi Bahauddin s. orta mekdep	1
Orhan Demirkan yörite orta hünärmenlik mekdebi	1
Mehaniki inzenerçilik instituty	1
Hacettepe Uniwersiteti/Ankara yörite orta hünärmen mekdebi	1
TRI-KOUNTY TEHNIKI KOLLEZI	1
Orhan Abahoglu hünär we tehiki Anadolu hünärmen mekdebi	1
1.Moskwa s.ylmy-barlag gurlusyk Döwlet uniwersiteti,2.Sakarya uniwersiteti	1
Russiyanyn Döwlet Söwda Ykdysady uniwersiteti	1
Sankt-Petersburg Döwlet Ykdysadyyet Uniwersiteti	1
Kartal s.orta mekdep	1
Tophane Senagat hünärmen liseyi	1
Aksaray Cevat Koçak yörite orta hünärmenlik mekdebi	1
Behçet Kemal yörite orta hünärmenlik mekdebi	1
Darande yörite orta hünärmenlik mekdebi	1
Illinois instituty	1
Elbistan yörite orta hünärmen we tehniki mekdebi	1
Belgrad uniwersiteti	1
Yörite orta,                                  Demirgazyk Karolina yörite orta mekdebi	1
Istanbul Sisli yörite orta hünärmenlik mekdebi	1
Lanzhou Tehnologiya uniwersiteti	1
Sankt-Petersburg Döwlet Tehnologiya Uniwersitety	1
Omskyn Döwlet Lukmançylyk instituty	1
Yayladagi liseyi	1
Sandong welayatynyn Zähmet we jemgiyetçilik yörite orta hünärmenlik mekdebi	1
Mahatma Gandhi uniwersiteti	1
Tehnologiki bilim instituty(T.E.I) Patras	1
Birmingem uniwersiteti	1
Birmingham City Uniwersitety	1
Ömürboyy Öwrenis Bas Müdürligi- kurs sahadatnama, Sahinbey yörite orta hünärmen mekdebi	1
Ümraniye Senagat we Tehniki Anadolu liseyi	1
Tehran welayatynyn "Azadi Felestin" hünärment mekdebi	1
Afyon Koçatepe Uniwersiteti, ÇAY hünärment yokary mekdebi	1
Bilejik Seyh Edebali Uniwersiteti, hünärment okuwy	1
Atyray Döwlet Nebit-Gaz Instituty	1
Sewilla uniwersiteti	1
Dr. Babasaheb Ambedkar tehnologiki uniwersiteti	1
Jeyhan söwda hünärmen mekdebi	1
Sorgun yörite orta hünärmenlik mekdebi	1
Blez Paskal adyndaky Klermon-Ferran 2 uniwersiteti	1
Milli Bilim Ministrligi Ankara s., Balgat senagat hünär okuw mekdebi	1
Sehit Polis Ahmet Yasar adyndaky köp ugurly hünärmen mekdebi	1
Cumhuriyet Anadolu yörite orta hünärmenlik we senagat mekdebi	1
Tarsus Cevat Koçak yörite orta hünärmenlik mekdebi	1
G.Galileo adyndaky döwlet senagat instituty	1
Aqsa-Tech Hünärmen mekdebi	1
Çayjuma senagat yörite orta hünärmen mektebi	1
Rokisani, Mladezniku 1115 yörite orta hünärmen mekdebi	1
Santander s. orta mekdep,"GE GAS POWER"-Içerki tehniki okuw merkezi	1
Aleppo Uniwersiteti	1
Baskent ata Hizmet kurslary	1
Izmir Karabaglar senagat hünärmen liseyi	1
Visvswaraiah Tehnologiki Uniwersiteti	1
FERGANA Politehnika Instituty, Fergana nebit tehnikumynyn agsamky okuwy	1
Galdyrma we yükleme is masyny (kran) ulanmak we operatorlyk sertifikatly	1
Tarsus Sehit Kamil yörite orta hünärmenlik mekdebi	1
Asgabat s. 'Baskent' Türkmen-Türk mekdebi	1
Bilim ministrligi we Ylymlar akademiyasy	1
Dundee Uniwersiteti	1
Epoka uniwersiteti	1
Akçadag yörite orta hünärmenlik mekdebi/Hünär kwalifikasiya sahadatnamaly	1
Columbus Tehniki Instituty	1
Izmir Çinarli senagat yörite orta hünärmen mekdebi	1
Kepez Tehniki we senagat hünärmen liseyi	1
Zirve Uniwersiteti	1
Besankon Akademiyasy	1
GE Power&Water merkezinin hünärmen kursy	1
Osmaniye/Kadirli Sehit Ögretmen Orhan Gök yörite orta hünärmen mekdebi	1
R.F.Yokary bilim döwlet edarasy "Moskwanyn Açyk döwlet uniwersiteti"	1
Sultanahmet Tehniki liseyi	1
Hassiba Benbualii uniwersiteti/M'Hamed Bougara uniwersiteti	1
Milli Bilim Ministirligi Imam-Hatip Liseyi	1
Türkiye Döwletinin Uniwersitetlerin arasyndaky genes	1
Bahçesehir uniwersiteti	1
Max Plank Energiya Instituty	1
Lokman Hekim Anadolu yörite orta hünärmenlik mekdebi	1
Moskwa säheri., Harby inzenerçilik uniwersitetinin Tyumen sahamçasy	1
Brunel University	1
Kabul Uniwersiteti	1
Anadolu Uniwersiteti/Afyon hünärmentlik okuwy	1
Ankara uniwersiteti,Çankyry orta okuw hünär mekdebi	1
Amstelveen säherindäki "Streekschool" yörite orta hünärmen mekdebi	1
Anadolu Uniwersiteti, Namik Kemal Uniwersiteti	1
API 1104:2005 kebsirleyji sahadatnamasy	1
Moskwa s.Milli ylmy dernew uniwersiteti	1
"Moskwanyn N.E.Bauman adyndaky döwlet tehniki uniwersiteti"	1
Bagdat Uniwersitety	1
Nuevo Leon Awtonom uniwersiteti	1
Taiyuan Zhongsin masyn instituty	1
Stambulyn döwlet inzenerlik we binagärlik akademiyasy	1
M.I.Kalinin adyndaky Politehniki instituty	1
Balangar tehniki instituty	1
Hatay/Iskenderun., Ümraniye Atatürk Senagat Hünärmen liseyi	1
Çanakkale on sekiz mart uniwersiteti, Biga yörite orta hünärmentlik mekdebi	1
Gayybana hünärmen yörite orta mekdebi,BTSO Hünär kwalifikasiya Synag we Sertifikatlasdyrys Merkez	1
Iskitler tehniki we senagat hünärmen liseyi	1
SVTK Tehniki mekdebi	1
Iskitler Tehniki we Senagat hünärmen liseyi	1
Stambul s. orta mekdep.,Pendik Hünärmenlik Okuw Merkezi	1
KGZ-TUR Manas Un.,DIN EN ISO- zyyanly bolmayan barlag esasynda isgärler üçin kepillendiris gurama	1
Stambul Tekniki Uniwersitet	1
Waseda Uniwersiteti	1
Dam Akademiyasy	1
Istanbul Arel uniwersiteti	1
Milli Bilim Ministrligi, Triowind kurslary	1
YÜZÜNJI YYL UNIWERSITETI	1
Longlands kolledji/Hünär sertifikatlar	1
Milli Egitim Bakanligi	1
Trabzon wel., Tonya s.Orta mekdep, Ussalyk sahadatnamasy	1
Rensselaer Politehnik Instituty	1
Deli säherinin Rayat gurlusyk inzenerlerin instituty	1
Izmir ykdysadyyet uniwersiteti,2-nji kurs talyby	1
Türkiyanyn Harby-Howa Güyçlerinin  howa-tekniki hünärmen mektebi	1
Esksehir Anadolu yörite orta hünärmen mekdebi	1
Çanakkaya Uniwersiteti / BASF himiki guramaçylygynyn okuw kursy	1
Krakowdaky Stanislaw Stasisa adyndaky dag-magdan metallurgiya akademiayasy	1
EAST WARWICKSHIRE COLLEGE OF FURTHER EDUCATION. RUGBY. ENGLAND. HNC	1
Taiyuan Zhongsin masyn instituty,Demirgazyk Günbatar Nonglin ylym we tehnologiya uniwersiteti	1
Wroklaw tehniki unuwersiteti	1
Tohoku uniwersiteti	1
Karsiyaka yörite orta hünärmen we tehniki Anadolu mekdebi	1
Strathclyde uniwersiteti	1
Polsanyn Bialystok säherindäki Bialostocka politehniki instituty	1
Rudong mehatronika yörite orta hünärmenlik mekdebi	1
Osmangazi yörite orta hünärmenlik mekdebi	1
Seyhan Anadolu yörite orta hünärmenlik mekdebi	1
Istanbul Teknik we Yildiz Teknik uniwersitetleri	1
Ahmet Andiçen täjirçilik hünärment mekdebi Ankara s.	1
Elbistan Senagat hünärmen liseyi/MBM Hayat Boyu Ögrenme Genel  Müdürligine degisli hünärmen kursy	1
Yokary,Olstyne Warminsko-Mazurskiy Uniwersiteti	1
Izmir yokary tehnologiya instituty	1
EREN Akademiyasy	1
Moskwanyn radiotehnika,elektronika we awtomatika instituty	1
Glasgow Caledonian uniwersiteti	1
Izmir s.orta mekdep, hünär ussatlygynyn sahadatnamasy	1
Milli yokary sungat we senetçilik mekdebi	1
Altunelma orta mekdebi	1
TUR., USAK uniwersiteti	1
Fransiyanyn Lill ylym we tehnologiya uniwersiteti	1
Wallonie Ewropa uniwersiteti	1
Bolgariya orta mekdep,MYK Hünär ussatlygynyn(kwalifikasiya) sahadatnamaly	1
TEZ Medikal liseyi	1
Birecil liseyi/Kurs tamamlama belgisi	1
GULBARGA Uniwersiteti	1
Kirklareli Cevat Koçak yörite orta hünärmenlik mekdebi	1
Jeddah Uniwersiteti	1
Simav senagat yörite orta hünärmenlik mekdebi	1
Tuluzu Milli Amaly Ylymlar instituty	1
Saglyk we howpsuzlyk guramasy	1
Gayybana okuw liseyi Ankara säheri	1
Bharathiar uniwersiteti	1
Orta mekdep (Radiografika kursy)	1
De Seraing s.tehniki instituty	1
G.Pascoli döwlet  hünär bilim instituty	1
Gemlik senagat yörite orta hünärmenlik mekdebi/hünär derejesi barada sahadatnama	1
Balykesir s.Merkez Senagat Hünärmentlik Liseyi, Anadolu Uniwersiteti	1
Auburn Uniwersiteti	1
Düzje Borsa Stambul hünärmen we tehniki Anadolu mekdebi	1
Akdeniz Uniwersiteti	1
Yozgat senagat hünärmenlik yörite orta mekdebi	1
Azerbeyjan Döwlet Nebit Akademiyasy,Çukurowa uniwersiteti	1
Sakarya uniwersiteti,Okan uniwersiteti	1
Sautgempton instituty	1
Gültepe Ceyhan senagat yörite orta hünärmen mekdebi	1
Konstansanyn "Owidius" uniwersiteti	1
"Russiyanyn Milleterin dostlugy uniwersiteti"	1
"Rias Asansör" serifikaty., Imam Hatip hünärmen  mekdebi	1
Gabrowa instituty	1
Ukrainanyn milli tehniki uniwersiteti "Kiyew politehniki instituty"	1
Orta, s.Montelimarda orta mekdep,Milli Bilim Ministrligi GRENOBAL Akademiyasy	1
Ayas köp maksatnamaly yörite orta hünärmenlik we senegat mekdebi	1
Swansea instituty	1
Tawsanly Hünärmenlik we Tehniki Liseyi	1
GUC-Germaniyanyn Kair säherindäki German uniwersiteti	1
Sepuluh Nopember Tehnologiya instituty	1
Vouconson adyndaky yokary okuw jayy, Milli sungat we senetçilik konserwatoriyasy	1
Süleyman Demirel Uniwersiteti, Keçiborlu Yokary hünärmen mekdebi	1
Gayybana yörite orta hünärmenlik mekdebi, BTSO  Hünär ussatlygy Synag we Sertifikatlasdyrys merkezi	1
Susehri s.orta mekdep	1
Shivaji University	1
Balikesir hünärment mekdebi	1
Pridneprowskiy energetika-gurlusyk tehnikumy	1
Moskwanyn Döwlet Dag Uniwersiteti	1
SLEZSKA Uniwersiteti., Çehiya Respublikasy	1
1.Orta Gündogar Tehniki Uniwersiteti,2.Koroziya Birlesmesi sertifikaty	1
Limerick s.orta mekdep (IRL)	1
Ümraniye Balykesir Merkezi  Senagat Hünärmentlik Liseyi	1
Kalecik yörite orta hünärmenlik mekdebi	1
TUR., Orta Gündogar Tehniki Uniwersiteti	1
Yildirim Beyazit Senagat yörite orta hünärmenlik mekdebi	1
Türkan Sait Yylmaz Anadoly yörite ortra hünärmen mekdebi	1
Ömürboyy Öwrenis Bas Müdürligi,Gayybana yörite orta hünärmenlik mekdebi/ussalyk sahadatnamaly	1
Buharest Politehniki uniwersiteti	1
Kinik hünärmenlik we tehniki anadoly yörite orta hünärmenlik mekdebinin müdirligi	1
San-Paulu Federal bilim, Ylym we Tehnologiya instituty	1
Valencia Uniwersiteti	1
Kirikkale uniwersiteti/Lüleburgaz yörite orta hünärmenlik mekdebi	1
Hebetec Engineering Ltd agyr yük galdyrma-basarnyk sahadatnamasy	1
Portugaliyanyn EQS okuw merkezi	1
Atsi Nord Hünärmenler tayyarlamak Sahadatnamasy	1
Beypazari Senagat Hünärmen liseyi	1
Firat uniwersiteti	1
Uludag Uniwersiteti-Tehnik Ylymlar yörite orta  hünärmenlik mekdebi	1
Moskwanyn abzal öndüris we informatika döwlet akademiyasy	1
Demirgazyk-Günbatar Döwlet tehniki uniwersiteti	1
Taskent Döwlet Ykdysadyyet Uniwersiteti.,Özbegistan respublikasynyn Magistr diplomy	1
"Commerciale" Tehniki instituty	1
Selçuk uniwersiteti/Aksehir yörite orta hünärmenlik mekdebi	1
Kazim Karabekir yörite orta hünärmenlik mekdebi,Yörite gurlusyk tehnikalarynyn operatorlyk kursy	1
Mehmet Kemal Tuncel yörite orta hünärmenlik mekdebi	1
Amasya Uniwersiteti	1
Düzce-Aydinpinar orta okuw mekdebi	1
Istanbul s.orta mekdep,Ümraniye hünärmentlik okuw merkezi	1
Ordu s. orta mekdep, Stambul s. Yörite hünärmenler tehnika kursy	1
Günorta Awstraliya Uniwersiteti	1
Mersin senagat hünärmen yörite orta mekdebi	1
Hopa köp maksatnamalayyn hünärmenlik yörite orta mekdebi	1
Marmaris Sabanci yörite orta hünärmen mekdebi	1
Anamur yörite orta hünärmenlik mekdebi/MYK hünär ussatlylygynyn sahadatnamasy	1
Inzenerçilik we tehnologiya uniwersiteti	1
Milli bilim ministrligi/ Skif tehniki we senagat hünärmen liseyi	1
Zonguldak s. orta mekdep., Certürk sertifikatlandyrys we gözegçilik hyzmatlaryn guramasy	1
Cevat Koçak Söwda yörite orta hünärmenlik mekdebi	1
Atatürk liseyi	1
Dijle Uniwersiteti	1
Berlin s.Söwda Senagat palatasy	1
National Open uniwersitetinin yörite orta hünärmenlik mekdebi	1
Ömürboyy Öwrenis Bas Müdürligi,Ceyhan yörite hünärmenlik orta mekdebi	1
Moskwanyn stanok-instrumental Instituty	1
Fransiyanyn Sungat we Senet Instituty	1
Istanbul Tehniki Uniwersiteti/Aspirantura okuwynyn instituty	1
Stambul s.Orta mekdep, Ussalyk sahadatnamasy	1
Küçükyali Kadir Has yörite orta hünärmenlik mekdebi, Hünär ussatlygy (kwalifikasiya) guramasy	1
Milli tehnologiyany dolandyrys instituty	1
Ankara Uniwersiteti, Kastamonu hünärmenlik  yokary okuw jayy	1
Harkowyn Döwlet Radiotehniki Uniwersiteti	1
Hünär mekdebi-tejribe okuw mekdebi	1
On dokuzynjy may yörite orta hünärmenlik mektebi	1
Sultanahmet And.tehniki hünärmenlik yörite orta mekdebi we Senagat Yörite Hünärmenlik orta okuwy	1
Ned inzenerçilik we tehnologiya uniwersiteti	1
Hoca Ahmet Yesevi Halkara Türk-Gazak Uniwersiteti,Istanbul Uniwersiteti	1
Tirebolu Ymam-Hatip liseyi	1
Gazagystan Döwlet Zezkazgan Agrar-Tehniki kollezi	1
Milli Bilim Ministrligi Yüregir / Adana liseyi., Kebsirleyji sertifikaty	1
Malayziyanyn awiyasiya tehnologiyalary instituty,Inzener-Tehnolog sahadatnamaly	1
Dharmshinh Desai Uniwersiteti	1
UNIVERSITY OF ADELAIDE	1
Fahrettin Aslan yörite orta hünärmenlik mekdebi	1
Russiyanyn birinji prezidenti B.N. Yelsin adyndaky Ural federal uniwersiteti	1
Dalian Tehnologiya uniwersiteti	1
HITIT Uniwersiteti	1
Çigli Cumhuriyet yörite orta hünärmenlik mekdebi	1
Tokio uniwersiteti	1
Bratislava s.Tehnologiki uniwersiteti	1
Erzurum Atatürk yörite orta hünärmenlik mekdebi	1
Menemen Tehniki we senagat yörite orta hünärmen mekdebi	1
Kepilnama ? 397, Hoja Ahmet Yasawy Halkara Türk-Kazak Uniwersiteti	1
Çorum Teknik  yörite  hünärmen liseyi	1
Çatalagzi Anadolu yörite orta hünärmen mekdebi	1
Yörite Kaynes Hünärmen okuw kursy	1
Hytayyn Tyandzin dasary yurt dilleri uniwersiteti	1
Raipur döwlet politehniki uniwersiteti	1
London säherinin Uniwesitety	1
Bingöl uniwersiteti/Bingöl tehniki ylymlar yörite orta hünärmenlik mekdebi	1
"Öner Egitim" Milli Bilim Ministrligi tarapyndan Serifikat 21.12.2016	1
Kurttepe Senagat yörite orta hünärmen mekdebi	1
Wolgograd döwlet uniwersiteti	1
UGETAM kebsirleme kursy	1
Donetskin milli tehnika uniwersiteti	1
Bharathidasan uniwersiteti	1
Nanjing ylmy we tehnologiki uniwersiteti	1
"Niederberger Motos AG 5612 Villmergen" yörite hünärmen mekdebi	1
Gadsden döwlet jemgyyetçilik kollezi	1
Surgunlu liseyi	1
Tokio Tehnologiya instituty	1
Gyrgyzstan-Türkiye Manas Uniwersiteti	1
Elazig Keban yörite orta hünärmenlik mekdebi	1
Marks adyndaky Politehniki instituty	1
Ulus Anadolu yörite orta hünärmenlik mekdebi	1
Yörite orta,Toroslar Çamlibel yörite orta hünärmenlik mekdebi	1
Energetika we suw tehnologiya uniwersiteti (PWUT)	1
Izmir - Torbali senagat hünärmen liseyi	1
Günen Senagat yörite orta hünärmen mekdebi	1
100 yyllyk tehniki we önümçilik hünär mekdebi	1
Senagatçylaryn orta hönärmen mekdebi	1
Istanbul-Ümraniye senagat yörite orta hünärmenlik mekdebi	1
Çamlibel Anadolu yörite orta hünärmenlik mekdebi	1
Romano Di Lombardia orta mekdep	1
Kars Alpaslan liseyi	1
TUR, Sinjan s.orta mekdep	1
Linkoln kollezi	1
Moskwanyn Awiasiya Unstituty	1
Delft Tehnologiya Uniwersiteti	1
TUR., Cumhuriyet Uniwersiteti	1
ITA, Jemgyyetçilik Bilim Ministrligi Prato s. N.Copernico döwlete degisli orta mekdep	1
Türkiye/FIRAT Uniwersiteti	1
Iskenderun Demir Polat yörite orta hünärmen mekdebi	1
Georg Simon Om adyndaky Nyurnberg tehniki uniwersiteti	1
Yokary bilim we ylmy-gözleg ministrligi/Mosul uniwersiteti	1
Hirosima tehniki yokary hünärmen mekdebi	1
Osmaniye Hünär okuw merkezi	1
Misnak kurslary	1
MYSORE Uniwersiteti, ISLAM AZAD Uniwersiteti	1
GE Energiya Hyzmatlary kursy	1
Sakarya hünärment we Anadolu tehniki liseyi	1
Karadeniz Teknik Uniwersiteti / Ordu yörite orta hünärmen mekdebi	1
Sewerino Sombra koleji,Wassour inzenerlik yokary okuw jayy	1
Karadeniz Teknik Uniwersiteti /Gosun yörite orta hünärmen mekdebi	1
NIGDE ÖMER HALISDEMIR UNIWERSITETI	1
Sincan liseyi/Milli bilim ministrligi-Erkunt Hünärmen bilim merkesi	1
Pamukkale Uniwersiteti., Kebsirleyji hünäri boyunça Halkara Instituty	1
100 yyl senagat yörite orta hünärmen mekdebi	1
Lüleburgaz Senagat Hünärmentlik Liseyi	1
Kembridj uniwersiteti	1
Selçuk uniwersiteti,Tehnik bilimler hünärmen liseyi/Kaya Yapi AS	1
O.A.Baykunorow adyndaky Jezkazgan uniwersiteti	1
Gündogar Warkwickshire kollezinin BTEC (is we tehnologiya bilim genesligi)	1
Kharagpur Tehnologiya instituty	1
Kocaeli Uniwersiteti, Kocaeli hünär mekdebi	1
Istanbul Bilim Uniweriteti	1
Argentinanyn Günorta Milli uniwersiteti	1
Halil Rifat Pasa hünärment mekdebi	1
GEBZE  senagat hünär okuwy	1
Kazan s.Döwlet tehnologiki uniwersiteti	1
Izmir hereketlendiriji yörite orta hünärmenlik mekdebi	1
Daskendin Biruny adyndaky Döwlet Tehniki Uniwersitety	1
Cataksu Cumhuriyet yörite orta hünärmenlik mekdebi	1
Roçester tehnologiya instituty	1
Gedik uniwersiteti/Gedik yörite orta hünärmenlik mekdebi	1
Sarayköy Menderes Anadolu orta mekdep	1
Akhisar s. orta mekdep,Kurs tamamlama sahadatnamaly	1
Çolaknebi yörite orta hünärmenlik mekdebi	1
Ismet Aktar Senagat Hünärmen liseyi	1
Anadolu Uniwersiteti/Tozkoparan senagat yörite orta hünärmenlik mekdebi	1
Milli Bilim Müdirligi Stambul/Zeytinburnu Hünärmen mekdebi	1
Kütanya senagat yörite orta hünärmen mekdebi	1
Fransiyanyn Bilim Ministirligi,Hünär serifikaty	1
N.I.Lobaçewskiy adyndaky we Nizegorodsk Döwlet Uniwersiteti	1
ABS. Zähmet ministrligi	1
Meyanapur yörite orta mekdebi	1
Kurtalan yörite orta hünärmenlik mekdebi, Kurs sahadatnama	1
Taskent Döwlet Tehniki Uniwersiteti	1
Istanbul s.Orta mekdep,Ussalyk sahadatnamasy	1
Çanakkale on sekiz mart uniwersiteti, Biga yokary hünärmentlik mekdebi	1
Almaty tehnologiki uniwersiteti	1
Madrid Politehniki uniwersiteti	1
Adana-Karsiyaka senagat hünärmen liseyi	1
Kastamonu Uniwersiteti, Kastamonu hünärmenlik okuwynyn müdirligi	1

(1471 rows affected)
Tehniki howpsuzlyk we zähmeti goramak	401
Orta bilim	114
Gurlusyk inzeneri	108
Elektrik inzeneri	89
Elektrik - Elektronika inzeneri	86
Elektrika	73
Mehanika inzeneri	65
Gurlusyk inzenerçiligi	39
Mehanika	38
Metal isleri	31
Masyn gurlusyk inzeneri	25
Mehanik inzeneri	24
Ykdysadyyet	24
elektronika	23
Elektrik	22
Mehanik-inzener	21
Elektrik-Elektronik inzeneri	20
Senagat inzeneri	19
Elektrika-Elektronika inzenerçiligi	18
Elektrik-elektronika inzeneri	17
Ykdysatçy	17
Mehanik	15
Mehaniki inzeneri	14
Metal tehnologiyalary	14
mehanika inzeneri-magistr derejeli	14
Tehnik	14
Himiya inzeneri	13
Inzener	13
Gurlusyk tehnologiyalary	13
Mehanika inzeneri/kebsirleme inzeneri	12
Menejment	12
Elektronika inzenerçiligi	11
Mehatronika inzenerçiligi	11
Mehanika inzenerçiligi	11
Ayna süym gosundyly plastika we birikdiriji bölejiklerin (el bilen galyplama) tehnigi	11
elektrik-elektronika inzenerçiligi	11
Masyn gurlusyk tehnologiyalary	10
Yerasty 550kW-dan yokary kuwwatly kabel amallary	10
Elektrik tehnigi	9
agaç tehnologiyasy,howply we örän howply islerde mebel gurnayjy	9
Magistr derejeli himiya inzeneri	9
Metal tehnologiyasy, Agyr we howply islerde kebsirleme kursy	9
Dasky gursaw inzeneri (ekologiya)	9
Mehaniki inzenerçiligi	9
agaç tehnologiyasy,mebel gurnayjy	9
Sosial ylymlar	8
Masyn inzeneri	8
Mehaniki düzleyji	8
Masyngurlusyk inzenerligi	8
SpecialtyOfJanet	8
Mehanika inzenery	8
Hasapçylyk	8
Jemgyyetçilik ylymlary	8
Arhitektor	8
senagat turba montazçysy	7
Menejer	7
Tehniki taydan hünärmen	7
Motor	7
Dolandyrys, motorçylyk	7
tebigy gaz yyladys we gaz yakyan enjamlarynyn tehniki hyzmat edis isgäri	7
mebel gurnayjy	7
Gurlusyk tehnology	6
Hukuk	6
Ykdysadyyet we dolandyrys ylymlary	6
Elektrik we Elektronika inzeneri	6
zähmet ykdysadyyeti we senagat gatnasyklary	6
Awtomatika inzenerçiligi	6
Elektrik-elektronika we mehanika inzenerçiligi	6
Masyn tehnologiyalary	5
Elektronika inzeneri	5
Masyn gurlusygy	5
Gurlusyk	5
elektromehanika	5
Mehanika we elektrik-elektronika inzenerçiligi	5
Metalurgiya we Materiyal inzeneri	5
energetika inzeneri	5
Isewürlik	5
Maliye	5
Mehanika tilsimatlary	5
Elektrik inzenerçiligi	5
Metal tehnologiyasy, howply we örän howply islerde metal gurnamaçy	5
Hereketlendiriji	5
elektrik-elektronika inzeneri (inlis dilinde)	5
Himiya	5
Mehanika tehnologiyalary	5
Mehatronika	5
------	5
Jemgyyetçilik ylymlary, Is tejribesi Enjam önümçiligi we montazy	5
masyn gurlusyk	5
Fizika	5
Gämi tehnikasy	5
Kebsirleyji	5
Inlis dili	4
Elektrika inzenerçiligi	4
Metallurgiya we material inzenerçiligi	4
Mebel we dekarasiya	4
Metal tehnologiyalary-kebsirleme	4
elektrik-elektronik tehnologiya,howply we örän howply islerde elektrik ulgamlary gurnamak we montaz	4
Halkara gatnasyklar	4
agaç tehnologiyasy	4
Masyn gurlusyk inzenerçiligi	4
Binagär	4
himiki senagaty bilen bagly howplulygyn önüni almak	4
...	4
Elektrika we Elektronika Inzenerçiligi	4
suw enjamlary montaz we ise girizmek	4
Dolandyryjy	4
Tekizlemek	4
Tebigy ylymlary	4
Jemgyyetçilik ylymlary we edebiyat	4
Menejerlik	4
Elektrik-Elektronika tehnologiyasy	4
enjamlary sazlamak gurnamak	4
himiki howply faktorlar bilen baglanysykly gorag gurallary	4
Metallurgiya we material inzeneri	4
Tehniki programmalar,elektrik	4
Elektronika tehnologiyasy	4
Kompyuter tehnologiyalary we programmirleme	4
Isewürligi dolandyrys	4
Metal tehnologiyalary,kebsirleme	4
inzener-elektromehanik	4
Tehniki bilimler we elektrikçilik	4
Mehaniki gurnama	4
Is tejribeli,Zähmeti goramak we tehniki howpsuzlyk	4
Mehaniki tehnologiya	4
Geologiya inzenerligi	4
Elektrik tehnologiyasy	4
Elektrik-elektronik tehnology	4
Rayat desgalarynyn gurlusygy - inzener	4
Mekdep	3
Elektroenergetika inzenerçiligi	3
Metal tehnologiyalary,kebsirleyji	3
Radiotehnika	3
Energetika	3
Senagat elektronika	3
Hereketlendirijiler	3
Umumy medeniyet	3
Demir isleri	3
Mehanika tehnigi	3
isewürlik dolandyrmasy	3
Türk dili-Matematika	3
Awtomatizasiya	3
inzener-mehanik	3
Senagat elektronikasy	3
Zähmeti goramak we tehniki howpsyzlygy	3
Elektrik inzenerçiligi we awtomatizasiyasy	3
Metal isleri-kebsirleme	3
Geofizika inzeneri	3
Gurlusyk mugallymy	3
Masyn gurlusyk inzenerligi	3
Orta. Is tejribesi - Päsgelçiliksiz synag üçin Amerikan jemgyyeti	3
Marketing	3
mehanik-inzenerçilik	3
enjamlary barlag inzeneri	3
Elektrik- elektronika tehnologiyasy	3
Isçi saglygy we is howpsyzlygy	3
Metal tehnologiyasy kursy	3
Hukukçy	3
is dolandyryjy	3
Jemgyyetçilik bilimleri/metal tehnologiyasy	3
Inzener	3
Hailo Wind Systems we Duallift hyzmatlary	3
Hereketlendiriji (motor-generator)	3
Senagat elektronika programmasy	3
Elektronika we awtomatizasiya	3
Elektronika we Aragatnasyk inzenerligi	3
Ulag elektrotehnika inzeneriya ,magistr derejesi	3
Halkara gatnasyklary	3
Kompyuter tehnologiyalary we programmirleme maksatnamasy	3
Kebsirleyis tehnologiyasy., Metal tehnologiyalary- Kebsirleyis	3
kybapdas etme, niwelirleme	3
Umumy hünär bilimleri	3
Dasky gursaw inzenerçiligi	3
Himiya inzenerçiligi	3
Fizika inzeneri	3
Azyk inzeneri	3
Gurlusyk tehnigi	3
sosiyal ylymlar we edebiyat	2
Tehniki programmalar	2
Gurlusyk tayyarlayys ugry	2
Inzeneriya ulgamynyn Ylymlaryn bakalawry	2
Elektrik kebsirleyji	2
Howply we örän howply islerde kebsirleme	2
Türk dili ve edebiyaty	2
is dolandyryjy, Elektrik inzeneri	2
Orta bilim,Bas tehnik,Senagat pudagynda abatlayys isleri	2
Senagat Tehniki	2
kebsirleyji  is tejribeli	2
Ykdysadyyet we marketing menejeri	2
Elektronik we Aragatnasyk inzeneri	2
Mehanika, Galdyrma we yükleme is masynyn (kran)  operatory	2
2 derejeli himiya magistrii	2
Isewürligi dolandyryjy	2
Mehanika tehnologiyasy	2
elektrik-elektronik tehnologiyasy/yokary güyjenmeli ulgamlar	2
Is dolandyrys we isewürlik boyunça magistr	2
Gämi gurlusyk inzeneri	2
Elektrika-Elektronika Tilsimatlary	2
Is tejribeli-is enjamlaryny ulanys(operatorlyk) sahadatnamaly	2
Agyr yük dasayjy tehniklar tayyarlygy	2
Döwlet dolandyrys	2
masyn gurlusyk tehnologiyalary,gurlusyk tehnikalaryna hyzmat etmek we abatlamak	2
Elektrik-tehnik	2
Ykdysadyyet we telekeçilik	2
Howply we örän howply islerde metal gurnamaçy,tebigy bilimleri	2
elektromehanik inzeneri	2
Hasapçy	2
Mehanika we Metal tehnologiyasy	2
Ykdysadyyet we dolandyrys bilimleri	2
Eelektrik we elektronik inzeneri	2
Sport	2
Kondisionerleme-sowadys tilsimatlary	2
Yokary mehanika inzenerligi	2
Elektronika we aragatnasyk inzenerçiligi	2
tehniki mehanik	2
Masyn tehnologiyalary, jemgyyetçilik ylymlary	2
Mehaniki önümçilik inzenerligi	2
Elektrikçi,Elektrik-Elektronik tehnologiyalary	2
Elektrik we Elektronika tehnologiyasy	2
masyngurlusygynyn tehniki önümçiligi	2
Tebigaty goramak boyunça inzener	2
Senagat elektronikasy, dolandyryjy	2
elektromehanik	2
Metalurgiya we haryt inzenerligi,kebsirleme inzeneri	2
Tehnik-mehanik	2
Tehniki bilim	2
Türkçe Matematik	2
Santehnik	2
Takyk ylymlaryn magistri	2
Is dolandyryjy	2
Bank isleri	2
Elektrik we kompyuter inzeneri	2
Ykdysadyyet, global isewürlik we marketing	2
Inzener mehanik	2
inzener mehanik	2
Senagat we önümçilik inzeneri	2
enjamlary ise girizmek	2
VCA goragy üçin esasy elementler	2
yokary woltly elektrik simleri geçirmek	2
elektrik we senagat awtomatizasiya inzeneri	2
inzenerçilik bakalawr derejesi	2
Orta bilim.,yokary geçirijilikli elektrik ulgamlaryn montaz islerin tejribeli hünärmeni	2
gurlusyk isleri	2
Agyr yük kranlary operatory	2
Gurlusyk tehnologiyasy we klimatlasdyrys	2
elektronika we telekommunikasiya inzeneri	2
Syyasat ylymlary we halkara aragatnasyk	2
Elektrik-elektronik tehnologiyasy/Hojalyk elektrik enjamlarynyn tehniki hyzmatlary	2
Masyn tehnologiyasy	2
Dolandyrys we Awtomatizasiya inzenerçiligi	2
Nebit we tebigy gaz inzeneri	2
inzener-tehnolog	2
Motorly tehnikalar tehnologiyasy, Agyr yükli tehnikalar we howpsuz ulanys tehnigi	2
Elektrik inzenerçiligi we awtomatlasdyrys	2
Jemgyyetçilik dolandyrys	2
Arhitektura	2
"Turbina ussasy" is tejribesi	2
Gözegçilik we awtomatlasdyrys tehnologiyasy	2
Elektrika-elektronika tehnologiyalary	2
Umumy medeniyet, is tejribeli-agyr yük kranlaryn montajy	2
Tehniki hyzmat bermek	2
Masyn gurlusyk tehnologiyasy	2
is dolandyryjylyk, tehnik	2
säher we sebit planlasdyrys	2
is tejribeli-awto hereketlendirijileri bejermek	2
Amallary kämillesdirmek, abatlamak boyunça is tejribeli	2
Polat gurnawlar, masyn gurlusyk tehnologiyalary	2
Mehanika, Howply we Örän howply islerde polat gurnama	2
Agyr yük tehnikalary we howpsuz ulanys tehnigi, Bas operatorlyk sertifikaty	2
Içki binagärlik (interyer arhitektura)	2
Kompyuter(enjamlasdyrys)	2
elektromehanika inzeneri	2
Metalurgiya we haryt inzenerligi	2
suw geçirmek we sowatmak tehnologiyasy	2
Dasky- gursawyn inzenerçiligi, Hasapçylyk	2
ölçeg gurallar boyunça inzener	2
Motor(hereketlendiriji)	2
Yokary agramly we uly ölçegli enjamlaryn dasalmagyny guramak boyunça mehanik	2
Kompyutor programirleme	2
Tebigat ylymlary, Elektrik paneli gurnayjy	2
Mehanik elektronik ulgam inzeneri	2
tebigy gaz,yylytma	2
Elektrik paneli gurnayjy	2
Tebigy ylymlar/Elektrik-elektronik tehnologiyalary	2
Is tejribeli kran operatory	2
agaç isleri,mebelçilik	2
"Mehaniki montaz ekabyry" is tejribesi	2
Barlag inzeneri	2
Kebsirleyji mehanik,mehaniki gurnama,montaz,tehnik isleri(polat kebsirleyji)	2
Sport, polat önümleri kebsirlemek (gurnamak)	2
Mehanika we metal isleri-kebsirleme, Howply we yokary howply islerde polat önümleri gurnamak	2
Gurlusyk tehnologiyasy	2
Elektrotehnika	2
yylylyk elektrik stansiyalar hünäri boyunça inzener	2
Elektrik inzeneri (elektrik enjamlaryny barlamak)	2
Senagat awtomatlasdyrmasy	2
Gurlusyk inzeneri,korroziyanyn önüni almak,katod goragy we nazaryyetleri	2
hukukçylyk tejribesi	2
Elektrik inzener	2
Senagat inzenerçiligi	2
Matematikçy	2
Mebel we dekorasiya	2
elektronika we baglanysyk	2
Tehnik elektrik	1
awtomatika meyilnamasy, tehnik	1
Poslamayan metallar inzeneri	1
mekatronik	1
Yokary galdyrmagyn howpsuzlygy, Agyr yük tehnikalary we howpsuz ulanys tehnigi	1
Inlis Dili Mugallymy	1
Isewürlik	1
Gurnama tehnologiyalary	1
Mehaniki we elektron inzenerçiligi	1
Söwda inzenerligi	1
Himiki amallar boyunça enjamlar we dolandyrys inzenerçiligi	1
Elektrik- elektronika tehnologiyasy/Elektrik desgalary we panno montyorçylygy	1
Radio we Telewizion abzallary, inzener magistr derejeli	1
Gurlusyk islerinin tehnigi	1
bug we gaz turbinalaryn tehniki instruktory	1
Amaly matematik	1
Enjam montazçysy,masyn tehnologiyalary	1
metal guyyan önümçilik,uly hünärmen	1
Elektrika-elektronika tehnalogiyasy/Elektriki gurnama we panel gurnama isleri	1
Hereketlendirijilerin tehnigi	1
Maliye dolandyrysy	1
Mehanika inzenerçiligi we awtomatizasiya	1
Mehanika,Senagat turba gurnayjysy	1
Zähmet goragy boyunça inzener,                            Elektron tehnikalarynyn inzeneri	1
Metallurgiya we materiallar boyunça inzener	1
elektrik ulgamlary	1
kebsirleyji,elektrotehnik,bug gazan jaylarynyn dikeldisi	1
Elektrik mugallymy	1
Santehniki isler boyunça mehaniki inzeneri	1
Mehatronika inzeneri	1
hasaplayys tehnikasy,toplumlayyn ulgamlar we setler	1
gurlusyk mehanigi	1
Elektronika we kompyuter inzeneri	1
Tehnologiki enjamlar we dolandyrys inzenerçiligi	1
Inzener (galdyryjy-ulag, gurlusyk, yol masynlary we enjamlar boyunça)	1
Howply we yokary howply islerde katuska sargysy	1
Metallary basys arkaly islemek-inzener metallurg	1
Ykdysady fakultetinin Halkara gatnasyklar	1
Tehnikanyn we tehnologiyanyn bakalawry	1
Ultrasesli barlagyn 2 derejesinin hünärmeni	1
Uçarlara tehniki hyzmat bermek	1
Uçar gurlusyk we raketa-kosmos tehnikalary	1
Ulanysdaky elektrik enjamlarynyn tehniki hyzmat hünärmeni (dereje 5)	1
kebsirleme,elektrika,tekizleme	1
Göteriji, awtoyükleyji, gurlusyk tehnikasynyn operatory	1
Söwda we programmalasdyrys boyunça hünärmen	1
Elektronika we habarlasma tehnologiyasy	1
Yylylyk energetika boyunça inzener	1
Senagat gurnamalarynyn we tehnologiki toplumlarynyn elektrik yöredijisi- awtomatlasdyrys inzeneri	1
yük göteriji islerinin instruktory,yük göteriji islerinin operatory	1
Geodeziki niwelirleyji	1
Radioelektron serisdelerinin taslamasyny düzmek we öndürmek	1
Halkara täjirçilik we logistika dolandyrysy	1
himik-mehamik-inzener	1
Orta Asyr we häzirki zaman taryh boyunça  yokary baha bilen Bakalawr derejesi	1
Tehas Hyuston sebitinin Agaç ussalary, gurnayjylar we pürs kakyjylar bilelikdäki okuw topary	1
elektrik-elektron tehnologiyasy/sekillendiris we ses ulgamlary	1
umumy ylymlar,bug turbina bilen islemek	1
Metal tehnologiyasy/ kebsirleme	1
Senagat desgalaryn elektriki geçirijisi we awtomatlasdyrylysy	1
Elektrik senagaty inzeneri	1
masyn tehnologiyasy/kompyuter goldagly masynlaryn taslamasyny düzmek	1
metal tehnologiyasy,howply we örän howply islerde hil barlag hünärmeni	1
Howply we örän howply gurlusyk islerinde hünärmen	1
tok we güyjenme transformatorlaryn meydançada bejermek,hyzmat etmek,sökmek we gurnamak	1
"General elektrik" energetika kompaniyasynda is tejribeleri	1
Orta bilim., Is tejribesi Enjam önümçiligi we montazy	1
Ekologiya inzenerçiligi	1
gaz we bug turbina desgalary we hereketlendiriji hünari boyunça inzener,lingwistika ugry boyunça bak	1
energetiki masyn gurlusyk tehniki-tehnologiyasynyn magistry	1
Elektronika we barlag-ölçeg enjamlarynyn inzenerçiligi	1
Nemis dili/mugallym	1
Tehnologiya pudagynda materiallary öwrenmek we inzenerlik masteri	1
Mehanika boyunça senagat hünärmeni- tehnik	1
Elektrik ulgamlarynyn awtomatizasiyasy we tehnologiyasy	1
1.IT ulgamlary,2.gurlusyk inzeneri,3.isewirlik dolandyrys	1
kompyuter inzeneri/kebsirleme inzeneri	1
Hukuksynaslyk	1
Amaly elektronika tehnologiyasy	1
Elektromontaz	1
Gämi gurlusyk we Gämi masynlary Inzenerligi	1
Mehanika we mehaniki inzenerçilik - Kompyuter maksatly taslama hünäri boyunça magistr	1
Masyn gurlusygy(dissertasiyaly),awtomatika inzenerçiligi	1
Mehanika Injinerçilikde Bakalawar	1
Gämi tehnikalary	1
"Senagat yylylyk energetika" ugry boyunça inzener, Tehniki ylymlaryn kandidaty	1
Halkara logistika	1
Ulanysdaky elektrik enjamlarynyn tehniki hyzmat hünärmeni	1
Landsaft binagäri	1
Demir önümleri yokary basys güyjünde isläp tayyarlamak üçin enjamlar we tehnologiyalar	1
Amaly elektronika we ölçeg enjamlarynyn inzenerçiligi boyunça tilsimatlaryn bakalawry	1
Gurlusyk inzeneri, gurlusygy dolandyrmak	1
Senagat önümçiligi boyunça inzener	1
ulag we logistika	1
elektrik togy	1
Metal tehnologiyalary/metal islemek	1
Himiya we metallurgiya inzeneri	1
Senagat awtomatizasiya ugry boyunça tehnolog	1
material ylymlary we inzenerçilik	1
Sanitar-tehniki tehnologiyasy we kondisioner/Gurlusykda sanitar-tehniki ulgamlary	1
Matematika, Metal Tehnology	1
Termo Energetika inzeneri	1
Kompyuter ulgamlarynda maglumat üpjünçiligi we dolandyrmak	1
Ergonomika inzeneri	1
Demir tehnologiyasy,TIG kebsirleme	1
Bölümçänin dolandyrysy we dolandyryjynyn kömekçisi	1
Elektrik inzeneri (bakalawr)	1
Elektroenergetikanyn tehnigi we tehnologiyasy boyunça magistr	1
Demir önümlerinin tehnologiyalary/Senagat turbageçirijileri gurnayjy, kebsirleme	1
G.U.Y.B.Metal usaklama okuwy	1
Yylylyk elektrik stansiyalary	1
masyngurlusyk tehnigi	1
inzenerçilik we binagärçilik fakulteti	1
Kompyuter programmirleme	1
ykdysadyyet fakulteti,jemgyyeti dolandyrys, Hereketlendiriji	1
senagat we gurlusyk inzeneri	1
Howply we ayratyn howply islerde renkleyji	1
Syyatçylyk we myhmanhananyn dolandyrylysygy	1
Gaz turbinalaryn tehnologiyasy	1
Howply we has howply islerde kebsirleme, metal tehnologiyasy	1
Elektrika-elektronika tehnologiyasy, senagat hyzmat edis we abatlayys	1
Gämi ulgamlarynyn inzenerçiligi	1
bakalawr derejeli mehanika inzeneri	1
elektroniki kommunikasiyalar inzeneri	1
dolandyryjy we maliyelesdiriji hünärmeni	1
Howply we örän howply islerde yylytma we tebigy gaz gurnamasy	1
Hereketlendirijili tehnikalar operatory, Kran operatory, Beyiklikde tehnika liftleri hünärmeni	1
Ultra ysyk, Radyografika, Magnetiki bölejikler, Suwuklylarda zeper testi	1
Magistr derejeli, tehnik we tehnologiya, "elektronika we mikro elektronika"	1
Konstruksiya we önümçilik hünäri boyunça uniwersitetin dosenti käri we ygtyyarlyklar berildi	1
mehaniki çyzgylaryn konstruktor tehnigi	1
kondisionirleme-sowatma programy/zähmet howpsyzlygy	1
Fiziki geografiya	1
Is tejribeli:mehaniki gurnama,montaz,(howply we yokary howply islerde polat önümleri)	1
Energetika pudagynda tehniki ylymlaryn hünärmeni	1
Dolandyrys we awtomatika ulgamlary	1
Tehniki mugallym	1
Mehanika,Turba montazçysy we "Turba montazçy topar yolbasçysy" is tejribeli	1
Mehaniki inzenerçilik-energiya ylymlary	1
Mehatronik, elektrika	1
mehanika inzeneri,bug turbina bilen islemek	1
Sowadyjy, kriogen tehnikasy we kondisionerleme	1
Elektrik inzenerçiligi we awtomatlasdyrmak	1
Älem inzenerçiligi	1
Senagat ylymlary we inzenerçiligi boyunça ylym, tehnologiya, saglyk	1
sosial ylymlar/kebsirleme	1
astronom we älem bilimleri	1
Sosyologiya	1
Ses we wibrasiya inzenerçilik	1
Halkara täjirçilik we logistika	1
Agyr transport ulaglarynda howpsuzlyk we goragly hereket tehnikasy	1
Ykdysadyyet, taryh we syyasatda gosmaça hünärler bilen is dolandyryjy	1
Suw geçiriji tehnologiyasy we kondisioner / sowadys ulgamlary	1
Elektronika inzeneri/Gaytadan dikeldilyän energiya çesmelerinin inzenerçiligi	1
Kompyutor tehnologiyasyny dolandyrmak ugry boyunça hünärmen	1
Mehanika we dolandyrys	1
mehaniki abatlayys isi,masynlar we enjamlar	1
türkçe matematik, kebsirleyji	1
"Gaz turbina we bug turbina desgalary" hünäri boyunça inzener	1
Metal tehnologiyasy kebsirleme, Tekizlemek	1
elektrik-elektronika/Elektrik sit gurnayjy (dereje-4)	1
Gurlusyk hünäri boyunça tehnik we tehnolog bakalawry derejeli	1
tehnologiki prosesleri we önümçiligi awtomatizirlemek boyunça inzeneri	1
Radiografiya barlagy	1
kompyuter tehnologiya we mehatronika inzeneri	1
Awtoualg maksatnamasy	1
Senagat enjamlarynyn awtomatlasdyrylmagy boyunça tehnik	1
Köp zynjyrly we tigirli enjamlar boyunça hünärmen	1
senagat düzütleri montazçysy	1
Elektrotehnika we elektroenergetika	1
Mehaniki dizel ulgamlar	1
nasos gurnama- montaz isleri/turbina montazy/elektrokebsirleme	1
Elektrik we energiya	1
mehaniki montazçysy	1
Nebit inzeneri	1
elektrik we kompyutor inzenerçiligi	1
mehanika inzeneri/halkara kebsirleme inzeneri	1
Enjamlaryn aylawy we galyplary yasamak	1
mehanizirlesdiremek boyunça inzener,inzeneri-konstruktor	1
tehniki we mehaniki gurlusy	1
Götermek-yüklemek (Gurlusyk tehnikasynyn ulanys sahadatnamaly)	1
Enjamlary dolandyrys inzeneri	1
Logistika, umumy medeniyet	1
Metal tehnalogiyasy/ argon kebsirleyji	1
dolandyryjy we maliyelesdiriji	1
elektrik we senagat telekommunikasiyalar inzeneri	1
Turbina içerki gurlusyk	1
Sport, Transformator islerinin hünärmeni is tejribesi	1
Bug we Gaz turbinalary mehaniki taydan gurnama, montaz isleri boyunça tejribeli	1
Kebsirleme tehnigi	1
Isewürlik  Dolandyrys	1
"Maglumatlary isläp tayyarlayys we dolandyrys ulgamyny awtomatizirlemek" käri boyunça inzener	1
Filologiya we dil mugallymçylygy(inlis dili)	1
Fizika inzeneri, Mehanika	1
Is tejribeli:mehaniki gurnama, montaz	1
senagat awtomatlasdyrma	1
Tokar stanogynda islemek	1
Gurnaw çyzgylary	1
Zähmeti goramak we tehniki howpsuzlyk	1
Ylmy amaly Elektrik inzenerçiligi	1
Pes-güyjenmeli elektrik energiya ulgamynyn inzenerçiligi	1
Yenil awtoulag boyunça mehanik	1
Kompyuter we senagat inzenerçilik	1
Elektrik-Elektronika tehnologiyalary ugry/senagat tehniki hyzmat we abatlayys	1
Halkara gatnasyklar; Ykdysadyyet	1
Metal tehnologiyalary/Metal kebsirleme	1
Inzenei, howayollary we astronawtika bölümi	1
Mehatroniki inzenerligi	1
Masyn dizayny	1
Statistika	1
Elektronika we habarlasma inzenerligi	1
desga dizayny	1
Türk dilinde matematika	1
Metal tehnologiyalary/polat kebsirleyji	1
elektrik/howply we örän howply islerde metal gurnamaçy	1
Orta bilim,"Mehaniki montaz ekabyry" is tejribesi	1
Mehanika gurnayjy, Köpri görnüsli kranyn operatory	1
Topograf	1
elektrik / asma köpri kran tehnikalarynyn operatory	1
Elektronika we habarlasma inzenerligi,is dolandyryjylyk	1
Elektrik ulgamlarynyn awtomatlasdyrmak tehnologiyasy	1
oba hojalyk boyunça tehnik-maslahatçy,kömelekçilik	1
Deniz senagatynyn dolandyrylysy	1
Ykdysadyyet, hereketlendiriji	1
Tehnologiya amallary boyunça inzenerçilik	1
hukuk,menejment	1
tehniki we mehaniki gurlusy boyunça inzener	1
mehanika/Enjamlaryn hil taydan dolandyrys sistemasy	1
Tehnik, Is saglygy we howpsuzlygy	1
Yokary kuwwatly transformatorlaryn özlesdirilisi, Tekizlemek	1
Bakalawr derejeli tehnolog we mehaniki inzeneri	1
Gözegçilik ulgamlarynyn tehnologiyasy tehnigi	1
Gurnamaçy	1
Söwda isleri boyunça bakalawr	1
awtomatlasdyrylan mehaniki ulgamlara hyzmat edis	1
Senagat awtomatikasy tehnalogiyasynyn energetika tehnalogiya islerinin amaly ylymlarynyn hünärmeni	1
Yyladys we suw ulgamlarynda howply we örän howply isler	1
Halkara ykdysady gatnasyklar, Bank isi	1
tebigy baylyklaryn yataklaryny ulanmak,isewürligi dolandyrmak boyunça magistr derejesi	1
Matematika - Kompyuter	1
Senagat awtomatlasdyrys	1
Maglumat tehnologiyasy/Maglumat bazasy programmirlemek	1
elektroenjamlary gurnama	1
Radio-fizika inzeneri	1
Elektrik energiyasynyn önümçiligi, iberilmegi we paylamagy maksatnamasy/Metal isler	1
senagatda olçegler we barlag inzeneri	1
Mehanik isleri,Zähmeti goramak we tehniki howpsuzlyk,masyn gurlusyk isleri	1
Elektrotehnika ygtyyarnamaly, Is tejribeli., mehaniki gurnama,montaz,tehnik isleri	1
korporatiw maliyelesdirmesi	1
Matematika	1
elektrika - elektronika tehnologiyasy/ elektriki enjamlary we sit gurnama isleri	1
Senagat inzeneri / yokary netijeli zemin örtmeleri we izolyasiya ulgamlary boyunça okuw kursy	1
Radio fizika we elektronika hünäri boyunça radio fizika hünärmeni	1
senagat inzeneri,elektrik-elektronik inzeneri	1
Gämi masynlaryny dolandyrma inzeneri	1
Hereketlendiriji (dwigatel) hünärmen	1
Zähmeti goramak we tehniki howpsuzlygy	1
Ykdysatçy, Is goragy we howpsuzlygy	1
Inzener-düzüji-tehnolog	1
elektrik gurnawlary we sit panelleri gurnama	1
Energetika ulgamlarynyn inzenerçiligi	1
Yylylyk elektrik stansiyasy	1
Elektrika-elektronika tilsimaty	1
Radio we Telewideniya Tehnologiyalary	1
düzüt inzeneri	1
Elektrotehnologiya we elektronika inzeneri	1
Elektrik slesary hakynda gözükdiriji	1
Metal Tehnologiyasy/Polat kebsirleyis, Elektrod bilen duga kebsirleyis	1
vinç(derrik kran) ullanmak,vinç operatory	1
Yylylyk energiyasy boyunça tehnik	1
Fiziki desgalaryn wakuum we kompressor tehnikasy	1
sowatma we kondisionirleme	1
Orta bilim,"göterji enjamlar" is tejribesi	1
Tehnologiya ylymlary hünäri boyunça Doktor- inzeneri	1
Dag-magdan inzeneri	1
Elektrik mugallymçylygy	1
fizika we tilsimatlar(magistr derejeli)	1
master derejeli inzener,elektroniki enjam inzeneri	1
Tehnologiki proseslerin we önümçiligin awtomatlasdyrylmagy,magistr derejeli	1
Jemgyyetçilik bilimleri	1
ofis hyzmatlary	1
rezerwuar gurnama	1
Inlis dili, Is tejribesi Enjam önümçiligi we montazy	1
elektronika we kommunikasiya inzeneri	1
Ussaçylyk kursy	1
Yylylyk energiyasy we yylylyk tehnikasy	1
Mehanika, Himiya tehnologiyasy	1
hyzmatdaslyk	1
Mehaniki dizayn we önümçiligi boyunça inzener	1
Söwda hukugy	1
master derejeli elektromehanika inzeneri	1
Zähmeti goramak we Tehniki howpsuzlyk programmasy	1
Yylylyk tehniki enjamlarynyn we yylylyk üpjünçilik ulgamynyn isledilmegi	1
Is tejribeli,mebel montazy we gurnama isleri	1
1-nji derejeli kebsirleme hünärmeni	1
Gumanitar ylymlaryn bakalawry	1
Turba çekmek isleri boyunça inzener	1
Metal tehnologiyasy	1
Senagatda tehniki tilsimatlary	1
gurlusyk önümleri we gurnamalary önümçiligi	1
Rayat desgalarynyn gurlusygy	1
Elektrotehnika boyunça Tehnologiyanyn magistri	1
Zähmeti goramak we tehniki howpsuzlyk, is guramaçylygy,Demirbeton-demir umumy hünär bilimleri	1
Gurlusyk we masyn gurlusyk inzeneri	1
gurlusyk tehnikasynyn tehnika düzütinin surat programmasy	1
Gaz Turbina Inzeneri	1
ELEKTRIKA WE ELEKTRONIKA INJENERÇILIGI	1
gazan montaz ussasy	1
Telekeçiligi dolandyrmak	1
Dokma	1
Masyn gurlusyk maksatnamasy boyunça tehnik	1
inzenerçilik	1
Elektrik inzenerçiligi fakultetinin Senagat howpsuzlygy we gözegçiligi	1
Mehaniki we önümçilik ulgamlar boyunça inzenerçilik	1
Elektrika-elektronika	1
Tehniki ulgamlarynda dolandyrys inzeneri	1
metal tehnologiyasy,howply we örän howply islerde metal ussasy	1
kompyuter inzenerçiligi	1
Meydançanyn tehnigi	1
Nebit Masyngurlysyk inzeneri	1
mehaniki taydan isläp tayyarlama	1
Metal tehnologiyalary, gurlusyk tehnikalary	1
inzener - binagärçilik fakultetinin senagat inzenerçiligi	1
Mehanika we Senagat inzenerçiligi	1
1.umumy medeniyet,2.howpsuzlygy gurama,3.gurlusykta saglygy we zähmeti gorayys	1
Masyn gurlusyk enjamlary we enjamlaryn toplumy	1
Is dolandyrys/Elektrik	1
Dasky gursawy goramak boyunça Inzener	1
howply we örän howply islerde montaz	1
Ylymlaryn magistri(elektronika ugry), Elektrik inzenerçiligi - Energetika ugry boyunça bakalawr	1
Umumy ylymlar, turbina montaz we abatlayys isleri boyunça is tejribeli	1
kartogramma inzeneri	1
Içerki binagärçilik	1
elektronik hünärmeni	1
Paluba	1
Telekommunikasiya	1
Kompyuter maglumat ulgamy	1
ELT gaz turbinalary OSR 23-2 tehnik	1
Elektrika we elektronika,desgalar we elektron geçirijiler,tehnika hünärmeni	1
köpri kran bilen islemegi, dasky gursawy goramak we hil dolandyrys ulgamy,tehniki howpsuzlyk	1
Bank isi	1
awtoulag tehnigi	1
Elektronik	1
Dasky-gursawy goramak, zähmeti goramak we tehniki howpsuzlyk, Rayat howpsuzlyk inzenerçiligi	1
Dolandyrysyn awtomatlasdyrys tehnologiyasy	1
konstruktor-tehnolog inzeneri	1
Elektrika-elektronika tehnologiyasy/Elektrik gurnawlary we paneli gurnamak	1
mehanika tilsimatlarynyn bakalawry	1
metallurgiya inzeneri	1
"Gaz turbina, bug turbina desgalary we hereketlendirijileri" hünäri boyunça inzener	1
Uçar gözegçiilik inzeneri	1
Metal we kebsirleme isleri	1
Elektrik üpjünçilik we elektrik abzallasdyrma inzeneri	1
elektronika we telekommunikasiya inzeneri	1
Mehaniki dizayn we nazaryyeti	1
Köp - Tehniki ulgamlaryn gözegçiligi boyunça hünärmen	1
Demiri desmek we isläp tayyarlamak boyunça hünärmen bolan, gurallary tayyarlayjy	1
Agaç isleri	1
elektrik we elektronika boyunça uly inzener(magistr derejeli)	1
Gurnama islerinin tehnologiyasy	1
Demir tehnologiyalary ugry/kebsirleyji	1
Senagat gurlusygynyn inzeneri	1
Elektronika, kran tehnigi	1
Yokary galdyrmagyn howpsuzlygy we sütün belleyji	1
elektrik-inzeneri/elektrik,elektrotehnik,elektrik-elektrinik telekommunikasiyalar	1
Turba montazçysy we "Turba montazçy topar yolbasçysy" is tejribeleri	1
jemgyyet ylymlary,SAP programma üpjünçiligi	1
Ähli umumy önümçilik ulgamlar inzeneri bakalawry we aspiranturasy	1
Denizde elektrik guramaçy,3-nji derejeli elektrik we elektroniniki inzenerçilik	1
Adam resurslaryny dolandyrmak/Isewürlik	1
Nebit-gaz agtarys we ulanys	1
masyn tilsimatlary	1
3-nji derejeli gurnama isleri boyaunça inzener(Sotlandiyanyn hünär derejeli sahadatnamaly)	1
Telekommunikasiya mugallymçylygy	1
terjimeçi	1
Energo-masyn gurlusyk	1
Jenayat adalat islerini dolandyrmak	1
Gurlusyk boyunça yolbasçy	1
Elektronika bölümi, inzenerçilik boyunça bakalawr derejeli	1
Süyt we süyt önümlerinin tehnologiyasy	1
Ykdysadyyet we sosial ylymlary	1
Demir tehnologiyasy	1
köp ugurly telekommunikasiya ulgamlary	1
Mehanika/Senagat turba gurnayjysy	1
Howply we has howply islerinin motazy., masyn tehnologiyasy	1
gurlusyk bölüminin Beton tehnologiyalary	1
Senagat dizayn inzeneri	1
Mehanika inzeneri Magistraturasy	1
Masynyn çyzuwy	1
Yerasty 245kW-dan yokary kuwwatly kabel amallary	1
sosial ylymlar we edebiyat	1
gündogary öwrenji, afrikany öwrenji, yapon dilinin terjimeçisi	1
materiallary öwrenmeklik we inzenerçilik	1
Suw önümleri	1
Elektronika we kompyuter bilimi	1
tehniki programlar,kompyuter tehnologiyasy we programirleme	1
Tehniki meyilnamalar bölüminin gurlusyk meyilnamasy	1
Suw isleri inzenerligi, Isçi saglygy we is howpsyzlygy	1
Metallarda ultrases testlerini geçirmek boyunça hünärmen	1
Elektrik inzenerçilik	1
Elektriki gozgayys	1
tehniki fizika	1
Radio-inzener-taslamaçy-tehnolog	1
Mehatronika tehnologiya boyunça hünärmen	1
2-nji derejeli masyn gurlusyk boyunça inzener	1
Yewropanyn is dolandyrys	1
Türk dilinde matematika,Is tejribeli., mehaniki gurnama,montaz,tehnik isleri	1
Gurlusyk - gurnama islerinin tehnigi	1
Edara dolandyrysy we Kätiplik maksatnamasy	1
inzener mehanik Bakalawr derejeli	1
Mehanik we Energetik inzeneri	1
Mehanika,is tejribeli, turbalaryn montaz isleri,gurnamaçy	1
mehanika inzeneri,ylymlar magistri	1
Gurnama tilsimatlary (tehnologiyalary) we kondisionerler	1
Ylymlaryn magistri derejesini  (kompyuter-awtomatlasdyrylan önümçilik)	1
plastik kesirleyji	1
Ulgamlar boyunça tehnik-inzener	1
Is mehanikalaryny ulanys tertibi	1
elektrik hünärmeni	1
Birlesdirilen materiallardan önümleri isläp tayyarlamak we öndürmek	1
Himiki we Biologiki Inzenerligi	1
Örän howply islerde metal gurnama we "Gaz we bug turbinalar mehaniki topar yolbasçysy" is tejribesi	1
Yylylyk energetikasy boyunça hünärmen we inzener	1
Söwda we dolandyrys	1
Gözegçilik we awtomatizasiya inzeneri	1
Energiya ulgamlarda depginleri sazlamak	1
Harby Elektrik inziner	1
Syyahatçylyk we myhmanhana dolandyrysy	1
Senagat-Dizayn inzeneri(magistr)	1
Inzener Tehnik	1
Elektrika-elektronika tehnologiyasy/ howpsuzlyk ulgamlary	1
Yerine yetiriji menejment	1
Adam resurslaryny dolandyrmak	1
mehanika inzeneri, energetika(dissertasiyaly)	1
jemgyyetçilik ylymlary,metal tehnologiyasy,polat gurnamalar	1
mehaniki ulgamlaryn inzenerçiligi	1
mehaniki enjamlar	1
"Wakuum we komporessor fiziki desgalary" hünäri boyunça inzener	1
Tebigy Daslaryn Bezegi	1
hereketlendirijiler abatlamak boyunça mehanik	1
gurlusyk bölümi,tehnik	1
elektroniki enjam inzeneri	1
Elektrotehnika inzenerçiligi	1
Masyn gurlysyk inzeneri, energiya ulgamlary inzenerçiligi	1
Weterinar - lukman	1
Hereketlendiriji tehnologiyalary	1
Tekizlemek, "Gaz we bug turbinalar mehaniki topar yolbasçysy" we "Metal montaz" is tejribeleri	1
Inzener, Tebigat ylymlary	1
Psihologiya ylymlary,Bug turbinasynda gönüden-göni geçirilyän isler	1
Agaç ussaçylyk harytlary we örtme isleri	1
Mekatronik inzenerligi	1
Tehniki programmalar/hereketlendiriji	1
Pul we karz üpjünçiligi	1
YEG Yewropa boyunça müdiri	1
Elektrika-elektronika tehnologiyasy/Senagat abatlayys-bejeris	1
"Masyn gurlusyk tehnologiyalary" ugry boyunça inzener	1
Inlis dili., Elektromehanik	1
metal isleri/kebsirleyji we kebsirleme operatory	1
Elektrik we kompyuter inzenerligi	1
Mehaniki inzenerçilik we awtomatlasdyrys	1
Önümçilik we montaz	1
elektrik energiyasy we elektronika boyunça inzener	1
Elektrika-elektronika tehnologiyasy ugry/ Elektriki enjamlaryny we sit gurnamak	1
Hereketlendirijili ulaglar tehnologiyasy,galyp	1
Tehnikany hyzmat ediji	1
Taslama düzmek we gurlusyk okuwlary	1
Karta we Kadastro	1
Kebsirlemek boyunça önümçiligin enjamlary we tehnologiyalary boyunça inzeneri	1
Methinks bilen energiya howpsuzlygy	1
Geografiya,Tehniki howpsuzlyk we zähemti goramak boyunça tehnik	1
Mehaniki gurnayjy,kebsirleyji-gurnayjy(dereje-3)	1
Masyn tehnologiyasy pudagy	1
yerüsti we yükleme - düsürme isleri üçin tehnika hünäri boyunça magistr	1
Mehaniki we elektrik energiya inzeneri	1
inzener- önümçilik we tehnologik prosesleri awtomatlasdyrmak	1
Gurlusyk inzenei	1
Himiya senagatynyn we gurlusyk materiallary kärhanalarynyn mehanizmleri-enjamlary, mehaniki tehnigi	1
"Turbina gurnama toparyn ekabyry" is tejribeleri	1
"In ussat turbinaçy" sertifikaty, "Turbina gurnayjy toparyn ekabyry" is tejribesi	1
Elektrotehnika we awtomatlasdyrmak	1
senagat ugry boyunça tehnik	1
Operator-mehanik	1
masyn gurlusyk inzeneri., halkara kebsirleyji inzeneri	1
Metal Isleri boyunça hünärmen	1
"Turbina gurnama toparyn ekabyry" is tejribesi	1
Elektroenergetika ulgamlary we torlary	1
Elektrik-elektronika tehnologiyalar ugry/senagat desgalara tehniki hyzmat edis we abatlayys	1
Elektrik - elektronika tehnologiyasy/howpsuzlyk ulgamlary	1
Ylymlar bakalawry-tehnik	1
Gazyatak islerinde kebsirleme	1
Awiasiya inzenery (I.T.U.)	1
Isgärlerin saglyk we is howpsuzlygy esaslary	1
Agaç isleri, Tehnikalara tehniki hyzmaty,Zähmeti goramak we tehniki howpsuzlyk	1
Uçaryn çarçuwasynyn (planyor) we elektrik stansiyalaryn tehniki hyzmaty	1
hereketlendirijili ulag tehnologiyasy	1
Howply we örän howply islerde dinleri(sütünleri)bellemek	1
senagat we aragatnasyk elektronikasy	1
Himiya inzenerçiligi hünärinin magistri	1
Halkara kebsirleyji inzener	1
Elektronika enjamlary boyunça tehnik	1
Gigiyenaçy - epidemiolog lukmany	1
Energiya Tehnologiyasy	1
tilsimat inzeneri	1
Elektrika-elektronika tilsimatlary pudagy, elekrika enjamlary we panel gurnama	1
elektro-mehanik	1
Is tejribeli-turba montazçysy - kebsirleyji	1
gurama psihologiyasy	1
Dolandyrys ulgamlarynyn tehnologiyalary	1
elektrik stansiyalary ise we ulanysa girizmek we basgalar	1
Ulaglaryn awtomatikasy we awtomatlasdyrylmagy	1
2 derejeli himiya magistrii,Plastmassa tehnologiyalarynyn inzenerçiligi	1
meydançanyn tehniki hyzmaty boyunça tehnigi	1
Gözegçilik we awtomatizasiya inzenerçiligi	1
Tehnologiki ösüsin we önümçilikler howpsuzlygy boyunça inzener	1
Isewürligi dolandyrys hünäri	1
Energetika we uglewodorod himiyasy	1
uçaryn gabarasynyn (korpus) abatlanmagy	1
Orta bilim, Lingwistik ygtyyarnamaly	1
Mehaniki önümçilik we amallar tehnalogiyasy	1
Elektronikada etika. Inzenerçilik, gurlusyk, senegat	1
Zurnalistika	1
Radiografika	1
Ykdysatçy, enjamlaryn tehniki hyzmat edis ussasy	1
Operatorlyk ygtyyarnamaly, Yükleyji ulag tehnikasyny ulanmak	1
Elektrik - inlis dili	1
Dolandyrys maglumat ulgamlary hünärmeni	1
tehnik programlar bölümi,teploelektrosenrtal enjamlary	1
Masyn we dizayn tehnologiyasy/kompyuter masynlary öndürmek	1
Inzener.,  hünär ugrunyn meyilnamasy boyunça Bakalawr derejeli inzener	1
elektroniki tilsimatlar inzeneri	1
Önümleri we amallary senagatlasdyrylmagyn usullary	1
Türk dili - matematika	1
Önümçilik we import	1
Logistika maksatnamasy	1
Halkara täjirçilik	1
zähmeti goramak we tehniki howpsuzluk, isewürlik	1
zähmet howpsuzlygy, tehnologiya inzeneri	1
Uçarlaryn tehniki hyzmat islerinin tehnologiyasy-inzener tehnolog	1
Energetika we elektronika(awiasiya masyn gurlusyk inzenerçiligi)	1
Operasiya otaglarynyn hyzmatlary	1
Himiya/Ylymlaryn bakalawry	1
enjamlara hyzmat edis	1
Inzenerçilik bakalawry (mehaniki inzener)	1
tehnik-yyladys tehnigi	1
Elektrika, elektrik sit gurnama amallary	1
Polat kebsirleyji, Metal-duga aktiw gaz kebsirleme	1
Iymit Tehnologiyasy  / Iymit Dolandyrysy	1
Türkçe matematika	1
Elektrik we awtomatizasiya bölüminin elektronika tilsimatlary	1
Enjam maksatnamasy	1
Dernew inzenerçiligi	1
Agyr yük galdyrma instruktory we operatory	1
Bug we gaz turbina boyunça hyzmat ediji	1
türkçe matematika/kompyuter oparatorlygy	1
Ykdysadyyetde Bakalawr	1
metal tehnologiyalary/kebsirleyji	1
Ekonometriya	1
Hasapçylyk we maliye	1
Metal tehnologiyalary käri/Kebsirleyjilik	1
LMS100 2-nji derejeli yylylyk bölüminin tehniki hyzmaty	1
Metal turbalaryn önümçiligi we montazy	1
Awiasiya inzenerçiliginin magistri	1
Tehnologiki masynlar we enjamlar,magistr derejeli	1
Iymit tehnologiyalary,arassaçylyk we sanitariya	1
senagat inzeneri-gurlusyk sektory	1
Tälimçi	1
inzener we kompyuter tehnologiyasy	1
aragatnasyk elektronikasy	1
Tebigy ylymlar, Elektrik	1
Tehnika we Tehnologiya	1
Gurlusyk Programmasyndan Tehnik	1
Elektronika hünärmeni	1
mehanik inzener	1
gidrawliki amal	1
Mehanika Inzenerçilik, Bakalawr	1
Himiya/polat kebsirleyji	1
jemgyyetçilik gatnasyklary	1
Tehniki menejment	1
Gurlusyk inzeneri, kenaryaka we port inzenerçiligi	1
Elektrik energiya önümçilik, geçiris we paylayys	1
elektrik-elektronika	1
Hil we dasky gursaw boyunça menejer, auditor	1
Elektrik gurnawlary we sit gurnama	1
Howply we örän howply islerde metal gurnamaçy	1
mehanik abatlayjy	1
Suw Önümlerinin derejesi berildi	1
"Standartlasdyrmak we sertifikatlasdyrmak" hünäri boyunça inzener	1
Elektrik-elektronika tehnologiyalary/Elektrik sitlerinin we ulgamlarynyn gurnawçysy	1
Agyr yük tehnikalary we howpsuz ulanys tehnigi	1
Zähmeti goramak we tehniki howpsyzlygy,Geofizika inzeneri	1
Awiasion-kosmos inzenery	1
Elektrik inzenerçiligi / Energetika we enjamlar	1
masyn gurlusyk tehnologiyasy boyunça inzener	1
Orta bilim, mehanik	1
Kompyutor(enjamlasdyrys)	1
Ekologiya ulgamlarynyn ylymlary	1
Elektrotehnik we elektronika inzeneri	1
Awtomatika we senagat informatika,amallaryn awtomatlasdyrylmagy	1
nebit we gaz biznesi	1
Mehanika	1
howply we örän howply islerde metal dogramaçy	1
Gastranomiya	1
Kebsirleyji enjamlar we tehnologiyalary boyunça inzener	1
Awtoulag tehnologiyalary	1
"Gyzgyn kebsir isleri ekabyry" is tejribeleri	1
Mehaniki dizayn we nazaryyeti-inzener,Elektrik inzenerçiligi we awtomatlasdyrmak	1
elektrik,masyn tehnologiyasy,santehnik	1
Awiasiya we roketa-kosmiki gyzgynlyk tehnikasy boyunça inzener	1
masyn gurlusyk tehnologiyalar inzeneri	1
Aeronawtika inzeneri	1
Energetika (elektrik)	1
Rayat gurlusyk inzenerçiligi	1
Kebsirleyji kepilnamasy	1
niwilirleyji	1
Jemgyyet ylymlar we edebiyat	1
elektrik-elektronik tehnologiyasy,senagat taydan hyzmat edis we abatlayys	1
mehanika inzeneri,2 yyl talyby	1
Mehaniki turbageçirijiler önümçilik isleri ,senagat turba gurnamak isi	1
Elektrika we içerki gurnamalar	1
kompyuter tehnologiyalary/WEB programmalasdyrys,Jemgyyetin howpsuzlygyny we tertibini üpjün etmek	1
Masyn gurlusygy pudagynda ylymlaryn magistry	1
kybapdas etme (düzedis isleri)	1
Informatika	1
Gyzdyryjy gurlus merkezinin montyory	1
Is dolandyrylysy	1
Awiasiya pudagynda awiasiya motorlary boyunça mehaniki we masyn gurlusyk	1
Is tehnikasyny ulanmak boyunça ygtyyarlyk sahadatnamaly	1
Awtomatlasdyrylan ulgamlaryn inzenerçiligi	1
Elektrik energiyasyny öndüris, geçiris we paylayys	1
Mehaniki inzenerçilik tehnologiya	1
Tehnologiki amallary we önümçiligi awtomatlasdyrmak hünäri boyunça inzener	1
himiki taydan howpsyzlandyrmak boyunça yokary derejeli sertifikaty	1
elektrik we kompyuter inzenerçiligi	1
polat gurnamalar	1
Logistika we üpjünçilik zynjyryny dolandyrmak,/hereketlendiriji(generator-Motor)	1
Gaz turbinalary gurnama	1
Mehanika tilsimatlary ugry/tehnikalara tehniki hyzmat bermek we abatlamak	1
Yylylyk energiya	1
senagat dolandyrysy we sazlayysy	1
metaly gaytadan isleme	1
Yylylyk ugry boyunça tehniki we tehnologiya hünärmeni	1
Tehnikanyn we tehnologiyalaryn magistry	1
elektrotehnika we awtomatizasiya inzeneri	1
Nebit we gazyn gazylyp alnysy we ulanylysy Inzener	1
Material bilimi we inzenerçiligi	1
"Gurlusyk meydançanyn tehnigi" is tejribesi	1
Senagat awtomatika tehnigi	1
Bakalawr derejeli elektrik inzeneri	1
Uçujy Enjamlaryn we Hereketlendirijilerin Tehniki Ulanylsy boyunça Inzener	1
Elektrotehnik	1
Elektrotehnika, energetika ulgamlary we gurlusyk tehnologiyalary	1
Howply we has howply islerde enjamlary abatlamak we gurnama islerini., masyn tehnologiyasy	1
polat kebsirleyji (dereje 3)	1
Psiholog	1
Mehaniki taydan isläp tayyarlamak boyunça tälimçi	1
Peyzaz we Bezegi Ösümlikleri	1
Senagat enjamlaryny abatlamak boyunça elektrik - mehanik	1
Administratiw soraglar boyunça menejer we isgärler koordinatory, Zurnalistika	1
elektriki toktan zeperlenmegin onüni almak-bilimleri kämillesdirmek-elektriki yakylysa tayyarlyk	1
ESOL (Dasary yurt dilinde gürleyänler üçin inlis dili kursy)halkara pudagy boyunça	1
jemgyyetçilik ylymlary we edebiyaty,Is tejribeli., mehaniki gurnama,montaz,tehnik isleri	1
Elektrik Awtomatizasiya tehnologiyasy	1
PLC we awmtomatizasiya ulgamyn ugry boyunça elektrika-elektronika tehnikasynyn hünärmeni	1
Ylymlaryn magistry	1
ABS. Zähmet ministrligi, Tehas Hyuston sebitinin Agaç ussalary, gurnayjylar bilelikdäki okuw topary	1
Elektrik-tehnik hünäri boyunça tehnologiya ylymlary	1
Elektron enjamlary	1
Kibernetika, amaly we mukdar taydan matematik	1
Edebiyat, Metal tehnologiyasy,kebsirleme	1
Senagat dizayneri	1
mehanika we masynlaryn gurlusygy, inzener magistr derejeli	1
Hassahana dolandyrys we guramaçylyk,Hailo Wind Systems hyzmatlary	1
senagat awtomatlasdyrys programmasy	1
mehanika tehnology	1
Elektro Mehanik Göterijiler	1
Masyn gurlusyk we ulgamlar inzenerligi	1
Awiyasiya Hereketlendirjileri we Energetika Gurlusy boyunça Inzener	1
Barlag ölçeg enjamlary boyunça inzener	1
"Turbina gurnama" we "Turbina gurnama toparyn ekabyry" is tejribeleri	1
metal tehnologiyasy,Mehanika tilsimatlary	1
Heykeltaras	1
Turba gurnama isleri	1
uçar inzeneri	1
ylymlar bakalawry,mehanika inzeneri	1
Yylylyk energiyasy hünäri boyunça magistr	1
CCC guralynyn tehnigi	1
Elektro elektronika mehanigi	1
Kompyuter inzeneri	1
Mermerçilik maksatnamasy	1
Nebit masyn gurlusyk inzeneri	1
Masyn gurlusyk tehnologiyasy ugry	1
inzener-ekspert	1
Elektrik bölüminde tehnik	1
turbina gurlusyk inzeneri,tehniki ylymlaryn kandidaty	1
elektronika pudagynda inzener	1
Dil bilimi (lingwistika)	1
Elektrika-elektronika tehnologiyalary ugry/Senagat desgalary tehniki hyzmat edis we abatlayys	1
Halkara kebsirleyji tehnolog	1
Howany kondisionirleme tilsimaty	1
STT-hyzmat beris ylymlary we tehnologiyalary:Täjirçilik isleri we aragatnasyklary	1
hukuk boyunça bakalawry	1
Fizika inzenerçiligi/Gaytadan dikeldilyän Energiya çesmeleri boyunça inzenerçiligi	1
"Ayna görnüsli rezin laminatlama" is tejribesi	1
Deniz tehnologiyalary	1
Fransuz we dil edebiyaty	1
Agyr we howply islerde agaç ussasy	1
Yewropa boyunça dolandyryjy,(koordinator)	1
Elektronika we elektrik aragatnasyk inzenerligi	1
Elektik we Elektronika inzeneri	1
Senagat elektronikasy/Zähmet ykdysadyyeti we senagat gatnasyklary	1
Mehanika üpjünçiligi we bejergisi	1
Is dolandyryjy, Fransyz filology	1
Senagat elektronikasy,senagat dasayjy	1
Elektrika we elektronika tilsimatlar pudagy/Senagat Hyzmat edis	1
Senagat enjamlarynyn tehniki taydan hyzmat edis pudagy	1
Awiasion radioelektron tehniki	1
Awtomatlasdyrys inzenerçiligi	1
Senagat turba gurnayjysy	1
Tehniki maksatnamalar hünärinin senagatda awtomatlasdyrma isleri	1
agrosenagat toplumynda masynlary hyzmat edis we abatlayys tehnologiyasy hünari boyunça inzener	1
Statistik,           Ugry-Taslama we matematika	1
inzeneriya ylymlaryn bakalawry	1
Slesar., tokar, tehnikany hyzmat ediji	1
Içki dizayn	1
Mehaniki inzenerçilik/Milli hünär derejesi sahadatnamasy:Mehaniki önümçilik inzenerçiligi	1
Metal Tehnologiyalary/Polat kebsirleyis, Elektrod bilen duga kebsirleyis	1
Taslama (dizayn) hünäri boyunça mehaniki inzener	1
Söwda	1
senagat awtomatizasiya,menejer	1
Hereketlendiriji, Metal tehnologiyasy we Turba montaz kurslary	1
Awtomatlandyrys, Inzenerçilik ylymlary	1
Awiasiya we kosmonawtika inzeneri	1
Masyn gurlusygyn awtomatizasiyasy we umumu mehanizmlesdirme	1
"Tokay toplumynyn masynlary we enjamlary" hünäri boyunça inzener	1
Mehanika we Propedeuse (kompyuter programmalasdyrma) inzenerligi	1
Kebsirleyji inzener	1
Elektrik inzener-tehnolog	1
Täjirçiligi dolandyrma	1
Radioinzener-düzütçi-tehnolog	1
Perde hereketlendirijileri we awtomatlasdyrma ulgamy	1
inzenerçilik fakulteti,"taslamalasdyrmanyn häzirki zaman usullary"	1
Elektrik-elektron senagaty boyunça tehnik	1
Gurnama mehanigi	1
oba-hojalyk-gurlusyk ussasy	1
tehniki ylymlaryn doktory	1
Syyahaty dolandyrys	1
Himiya önümçiliginin galyndylaryny gaytadan islemek boyunça apparatçy	1
Awtoulag tehnologiyasy	1
Gurlusyk we senagat energetika pudagy	1
Energetika ulgamlarynyn inzeneri	1
Mehanik-slesar	1
Elektrik tehnologiya inzenerligi	1
Gurnamak we montaj boyunça is tejribeli	1
Geodeziya we fotogrammetriya inzenerçi	1
Maglumat we resminamalary dolandyrmak	1
1.senagat we rayat gurlusyk inzeneri,2.hasapçylyk	1
Inzenerçilik dolandyrys ulgamlary	1
Elektriki energiyasyny öndürmek, geçirmek we paylamak	1
Metal isleri/Elektrik-elektronika tilsimaty-yokary güyjenmeli ulgamlar	1
Elektronika aragatnasyk	1

(1063 rows affected)
